time,N10_non,N_10,N_All,SUMNC2,altitude,latitude,longitude,N_Nuc
2014-08-06 13:54:30,-9999.0,-9999.0,-9999.0,0.0022152411738306102,1704.0,39.90168,-105.1024971,0.0
2014-08-06 13:55:00,-9999.0,-9999.0,-9999.0,0.002215163237459253,1709.1333333333334,39.90391185,-105.10674667000002,0.0
2014-08-06 13:55:30,-9999.0,-9999.0,-9999.0,0.002208892589024741,1752.3,39.91310004333333,-105.12436039666665,0.0
2014-08-06 13:56:00,-9999.0,-9999.0,-9999.0,0.0021875795099161803,1872.4,39.92775217666666,-105.14691136666666,0.0
2014-08-06 13:56:30,-9999.0,-9999.0,-9999.0,0.002169697726452338,1975.6666666666667,39.95295473333332,-105.15865428333333,0.0
2014-08-06 13:57:00,-9999.0,-9999.0,-9999.0,0.0021725176153568593,1963.8,39.98365542,-105.16473617333334,0.0
2014-08-06 13:57:30,-9999.0,-9999.0,-9999.0,0.0021760442588433693,1943.1333333333334,40.013240689999996,-105.17815500666664,0.0
2014-08-06 13:58:00,29.07200000000007,528.7059999999999,526.0686666666667,0.002184627538096915,1889.8,40.04219982666668,-105.19364267333334,-2.637333333333231
2014-08-06 13:58:30,373.66533333333336,861.9856666666664,941.575,0.0021856014520666525,1886.1,40.070411809999996,-105.20755233666668,79.58933333333368
2014-08-06 13:59:00,378.26600000000013,926.8343333333331,1018.2376666666667,0.002284915199948978,1901.7333333333333,40.09835217333333,-105.22157567666666,91.40333333333353
2014-08-06 13:59:30,389.79900000000004,1065.8023333333335,1290.9320000000002,0.0029494418063491005,1911.8,40.12674828000001,-105.23678106000003,225.1296666666667
2014-08-06 14:00:00,376.16733333333326,939.164,1153.0983333333336,0.0028687840518640834,1951.8333333333333,40.1567983,-105.23940836666664,213.9343333333336
2014-08-06 14:00:30,382.2866666666666,899.8303333333333,990.0409999999997,0.0024225277310468123,1912.4333333333334,40.18771298666666,-105.22799325666666,90.21066666666638
2014-08-06 14:01:00,393.88433333333336,910.1916666666663,997.3346666666667,0.0023534474328734015,1905.5666666666666,40.219561893333335,-105.21871591999998,87.14300000000048
2014-08-06 14:01:30,391.48300000000006,961.6233333333332,1070.9996666666664,0.0018727929686586618,1992.7,40.250794209999995,-105.21365915666665,109.37633333333315
2014-08-06 14:02:00,385.1130000000001,948.7753333333336,1046.6766666666665,0.0019192999532081088,2023.6333333333334,40.280393736666674,-105.20753961,97.9013333333329
2014-08-06 14:02:30,374.061,882.9359999999999,940.6226666666668,0.002253952615251672,2012.9666666666667,40.30976448333333,-105.19979858666666,57.68666666666684
2014-08-06 14:03:00,374.6429999999999,908.3043333333333,993.2933333333336,0.0022424304328812644,2045.3333333333333,40.33994535333333,-105.19319992333331,84.98900000000037
2014-08-06 14:03:30,383.8903333333332,973.4650000000001,1043.1643333333334,0.0022014198580028533,2036.5666666666666,40.37010230666666,-105.18716125333336,69.69933333333324
2014-08-06 14:04:00,389.64933333333346,1026.5023333333334,1085.4053333333331,0.0022524670383456884,1958.7666666666667,40.40250969333333,-105.18044026333334,58.90299999999979
2014-08-06 14:04:30,388.84599999999995,1021.5236666666666,1072.908,0.0024822019918891184,1924.7666666666667,40.436120976666665,-105.17334899333335,51.3843333333333
2014-08-06 14:05:00,401.3046666666668,1111.4983333333332,1150.7613333333331,0.0023408051300926563,1985.3,40.469278980000006,-105.16656570666665,39.26299999999992
2014-08-06 14:05:30,407.5593333333333,1110.6473333333333,1270.2520000000002,0.0015040076925160754,1976.6666666666667,40.501209383333325,-105.15982336000002,159.60466666666684
2014-08-06 14:06:00,425.1816666666666,1322.0013333333334,1227.332,0.0021748941986668552,1856.3666666666666,40.53163617999999,-105.14723483666667,-94.66933333333327
2014-08-06 14:06:30,780.2346666666666,2016.0109999999995,2277.611,0.006469120520095615,1764.8333333333333,40.56011709,-105.14193191666669,261.60000000000036
2014-08-06 14:07:00,762.8103333333336,1758.8480000000002,2057.1639999999998,0.006516674148255678,1662.5333333333333,40.585219326666675,-105.14357476666667,298.3159999999996
2014-08-06 14:07:30,607.3676666666665,1500.2486666666666,1484.179,0.0064534938740071586,1654.3666666666666,40.60853157,-105.14227904999998,-16.069666666666535
2014-08-06 14:08:00,553.3183333333332,1376.628666666667,1356.9053333333334,0.005924605405849641,1760.4,40.62284393333333,-105.11931737666666,-19.723333333333585
2014-08-06 14:08:30,380.862,912.7099999999998,957.512,0.0027999415698972056,1925.9666666666667,40.610776393333346,-105.09011383,44.802000000000135
2014-08-06 14:09:00,317.749,806.7563333333331,799.3850000000001,0.0026921910689395975,2090.633333333333,40.58456014333334,-105.07838923666664,-7.371333333333041
2014-08-06 14:09:30,319.76966666666675,735.94,741.4776666666664,0.002208678977083922,2242.6666666666665,40.566890966666655,-105.10478999000003,5.537666666666382
2014-08-06 14:10:00,323.66966666666667,734.0320000000004,769.3006666666668,0.0022132339952548414,2407.633333333333,40.57868677999999,-105.13614527333334,35.26866666666638
2014-08-06 14:10:30,333.6243333333333,734.9016666666668,711.8600000000002,0.0024078368505712077,2564.0,40.60579972999999,-105.1310376466667,-23.041666666666515
2014-08-06 14:11:00,331.8543333333334,696.8560000000002,717.8993333333333,0.002359348831274914,2715.1,40.608877310000004,-105.0933046966667,21.043333333333067
2014-08-06 14:11:30,326.32899999999995,689.802,715.61,0.002208065772133284,2876.1666666666665,40.58244005999999,-105.07977677,25.807999999999993
2014-08-06 14:12:00,323.20633333333336,670.0933333333334,686.4136666666666,0.002063254556438344,3022.133333333333,40.567129519999995,-105.10970433999995,16.320333333333224
2014-08-06 14:12:30,321.7319999999999,656.4103333333333,648.9676666666668,0.0012788716334064835,3183.4,40.58291130333334,-105.13777924,-7.442666666666469
2014-08-06 14:13:00,310.49666666666667,617.2803333333333,602.6170000000001,0.0012743609820421188,3337.866666666667,40.60973230333333,-105.12448552999999,-14.663333333333185
2014-08-06 14:13:30,295.467,588.7923333333334,610.8916666666667,0.0013385972503629656,3496.1666666666665,40.60408427666667,-105.08563639,22.09933333333322
2014-08-06 14:14:00,276.72099999999995,581.9473333333335,570.757,0.0012737488718566942,3652.5333333333333,40.57551168333334,-105.08513310999997,-11.19033333333357
2014-08-06 14:14:30,327.822,601.3066666666666,558.4186666666666,0.001041370111489424,3805.266666666667,40.56906573000001,-105.12081197333333,-42.888000000000034
2014-08-06 14:15:00,260.2313333333333,527.6143333333333,515.2443333333334,0.0009622740743210907,3948.866666666667,40.59140891333334,-105.13796056999999,-12.36999999999989
2014-08-06 14:15:30,217.60399999999998,479.98433333333327,433.5176666666665,0.0010490639575151922,4121.3,40.61135559333333,-105.1115671833333,-46.466666666666754
2014-08-06 14:16:00,255.6806666666667,523.6000000000001,451.27066666666667,0.0011470707365850963,4292.266666666666,40.597208283333345,-105.07951101,-72.32933333333347
2014-08-06 14:16:30,302.299,575.5520000000001,453.079,0.001870827168578345,4421.266666666666,40.569591903333325,-105.09593659,-122.47300000000013
2014-08-06 14:17:00,333.87633333333326,585.4156666666667,478.5453333333334,0.0018173639349526626,4566.066666666667,40.57352155,-105.13126500666668,-106.87033333333324
2014-08-06 14:17:30,299.3100000000001,494.56233333333336,418.5293333333333,0.001602472240484688,4735.666666666667,40.60241623333334,-105.13396809999999,-76.03300000000007
2014-08-06 14:18:00,229.58500000000004,443.9673333333333,329.5690000000001,0.0016074769392120977,4908.866666666667,40.611126966666674,-105.09471537333334,-114.3983333333332
2014-08-06 14:18:30,230.88566666666665,437.34266666666673,352.6700000000001,0.0017861434421416133,5060.1,40.58255029666666,-105.07995377,-84.67266666666666
2014-08-06 14:19:00,208.77333333333334,405.75966666666665,326.45466666666675,0.0016114674581984513,5209.133333333333,40.56675898666666,-105.11099370666666,-79.3049999999999
2014-08-06 14:19:30,132.12266666666667,399.4346666666666,342.2189999999999,0.0006162413062776507,5394.966666666666,40.58327432666666,-105.13642909333335,-57.21566666666672
2014-08-06 14:20:00,125.93166666666666,424.19599999999997,340.1073333333334,0.0005717470991997329,5501.466666666666,40.610572950000005,-105.11805445666664,-84.0886666666666
2014-08-06 14:20:30,109.09966666666668,457.15366666666665,396.17900000000003,0.00031839126181379954,5579.0,40.60780602333333,-105.08163628999999,-60.97466666666662
2014-08-06 14:21:00,111.91933333333331,499.2686666666667,443.371,0.00034155330050930746,5521.466666666666,40.57674357333333,-105.06998392666668,-55.89766666666674
2014-08-06 14:21:30,104.43333333333334,528.087,456.06266666666664,0.0004793308508445256,5536.133333333333,40.54114686333334,-105.06974970999998,-72.02433333333335
2014-08-06 14:22:00,106.50166666666665,556.9426666666666,482.4673333333333,0.0004781083134260781,5556.1,40.50744361666667,-105.05235901666666,-74.47533333333331
2014-08-06 14:22:30,117.10333333333334,487.84766666666667,517.1709999999999,0.0004771137681393388,5574.266666666666,40.47631671,-105.02397842999999,29.323333333333267
2014-08-06 14:23:00,125.09000000000006,485.0900000000001,445.47999999999973,0.0004782757748619134,5555.633333333333,40.44608166666668,-104.99076233333332,-39.610000000000355
2014-08-06 14:23:30,125.09000000000006,485.0900000000001,445.47999999999973,0.00047749822982348715,5568.333333333333,40.41471671333334,-104.95835315999997,-39.610000000000355
2014-08-06 14:24:00,125.09000000000006,485.0900000000001,445.47999999999973,0.00047705266462753394,5577.633333333333,40.382899856666654,-104.92794647000001,-39.610000000000355
2014-08-06 14:24:30,125.09000000000006,485.0900000000001,445.47999999999973,0.0004777452504891547,5577.3,40.35186716666668,-104.89760386333334,-39.610000000000355
2014-08-06 14:25:00,112.07866666666673,300.2923333333334,333.24999999999994,0.00048341096021800475,5572.433333333333,40.321765273333334,-104.86645431333335,32.95766666666657
2014-08-06 14:25:30,111.63000000000007,293.92,329.37999999999994,0.00048363694502004205,5569.466666666666,40.29159558333334,-104.83526916666666,35.45999999999992
2014-08-06 14:26:00,111.63000000000007,293.92,329.37999999999994,0.0004836135782227727,5567.366666666667,40.261210633333334,-104.80491612333336,35.45999999999992
2014-08-06 14:26:30,111.63000000000007,293.92,329.37999999999994,0.00048356240938167005,5562.333333333333,40.230797329999994,-104.77486470000001,35.45999999999992
2014-08-06 14:27:00,116.345,380.75333333333333,388.05566666666675,0.0004841752392888164,5546.533333333334,40.20050938999999,-104.7444781,7.302333333333422
2014-08-06 14:27:30,125.61766666666666,511.27633333333324,572.4896666666665,0.0004882272592839194,5466.733333333334,40.16891784666666,-104.72191263666667,61.21333333333325
2014-08-06 14:28:00,129.58866666666665,509.70899999999995,548.8096666666668,0.0005051594857804607,5307.533333333334,40.14590021333334,-104.74421335333332,39.100666666666825
2014-08-06 14:28:30,142.02233333333334,463.73366666666664,540.9313333333333,0.0005752427929353754,5142.566666666667,40.15423546,-104.77873764,77.19766666666669
2014-08-06 14:29:00,194.2043333333334,461.43333333333334,556.4283333333334,0.0006285860676832688,4982.933333333333,40.182965720000006,-104.77446110333332,94.99500000000006
2014-08-06 14:29:30,244.39333333333335,474.3523333333333,539.1966666666667,0.0009269467928039026,4830.533333333334,40.18854268,-104.7357859266667,64.8443333333334
2014-08-06 14:30:00,264.1946666666667,594.6429999999998,708.2466666666664,0.0009469300421693992,4672.766666666666,40.158756000000004,-104.72493540333333,113.60366666666664
2014-08-06 14:30:30,246.86233333333328,510.13233333333335,578.0069999999998,0.0009996908301826027,4518.0,40.14471029333334,-104.75853272333333,67.87466666666649
2014-08-06 14:31:00,258.5043333333333,685.0179999999999,765.3726666666664,0.0010297919306724035,4355.933333333333,40.16670278333334,-104.78444010333331,80.3546666666665
2014-08-06 14:31:30,326.15666666666675,665.6486666666667,749.1829999999999,0.0011405771843773923,4198.333333333333,40.18934988333333,-104.75814310000001,83.53433333333317
2014-08-06 14:32:00,339.7099999999999,663.4000000000001,759.6406666666666,0.001287616955889253,4041.266666666667,40.17405369666666,-104.72013549666667,96.24066666666647
2014-08-06 14:32:30,339.0609999999999,807.3916666666668,999.8073333333333,0.002162965310923046,3874.9333333333334,40.14696985333333,-104.73482436999998,192.41566666666654
2014-08-06 14:33:00,313.30566666666675,786.0920000000001,1123.3273333333334,0.002150608506873334,3712.4666666666667,40.150262703333325,-104.77346598666666,337.2353333333333
2014-08-06 14:33:30,322.58,698.0623333333332,837.3449999999998,0.0018979223677974208,3535.5,40.17760557,-104.77867661666666,139.28266666666661
2014-08-06 14:34:00,336.41033333333337,747.9526666666667,824.7706666666668,0.0019001433159917243,3362.0666666666666,40.189867533333334,-104.74465765000001,76.8180000000001
2014-08-06 14:34:30,339.3786666666667,959.5223333333331,1149.1396666666665,0.0017526336719187903,3208.133333333333,40.16646511999999,-104.72317072333334,189.61733333333336
2014-08-06 14:35:00,336.9073333333333,951.168333333333,1361.3363333333334,0.001858131619783453,3045.1,40.14582506333333,-104.74769413666668,410.16800000000046
2014-08-06 14:35:30,326.1146666666666,704.2903333333333,772.2966666666666,0.002413562135526205,2889.5666666666666,40.157422126666674,-104.77838185000002,68.00633333333337
2014-08-06 14:36:00,331.23233333333326,764.115,785.3816666666665,0.0024068404394658443,2717.9,40.18419621666667,-104.77186278999997,21.266666666666538
2014-08-06 14:36:30,376.8243333333333,908.8586666666665,921.8666666666666,0.0021636119670994103,2552.4666666666667,40.18736292666666,-104.73674241000002,13.008000000000038
2014-08-06 14:37:00,392.23600000000005,961.8626666666668,993.272,0.002330862533953683,2394.4333333333334,40.16369591333333,-104.72431285333337,31.40933333333328
2014-08-06 14:37:30,417.3403333333334,1348.21,1116.5540000000003,0.003271438228495601,2222.5333333333333,40.14492124666666,-104.75036494666665,-231.65599999999972
2014-08-06 14:38:00,516.6416666666668,1262.3136666666662,1715.564,0.0035864628950165707,2068.266666666667,40.15878384666667,-104.78037541,453.25033333333386
2014-08-06 14:38:30,634.7396666666667,1997.4806666666664,2157.1826666666666,0.005412620208410235,1914.8333333333333,40.18349138333334,-104.77298710333335,159.70200000000023
2014-08-06 14:39:00,1003.0933333333334,3222.681,3762.3349999999996,0.005514333634722744,1814.1666666666667,40.20204175333333,-104.74097849999998,539.6539999999995
2014-08-06 14:39:30,781.7760000000001,1706.4976666666662,2015.8333333333337,0.0058492545003683855,1845.5666666666666,40.22724024,-104.71651153666666,309.3356666666675
2014-08-06 14:40:00,530.7059999999999,1440.2730000000001,1666.3113333333333,0.005494618096539168,1859.9666666666667,40.25575320666667,-104.70094579333335,226.03833333333318
2014-08-06 14:40:30,532.4819999999999,1429.449,1502.5340000000003,0.003281671651747531,1818.6,40.28380585,-104.68341802,73.08500000000026
2014-08-06 14:41:00,510.36333333333346,1342.3543333333334,1399.4623333333332,0.0034555660808912882,1798.3666666666666,40.30971057666667,-104.66363856666666,57.10799999999972
2014-08-06 14:41:30,531.5319999999999,1441.2839999999997,1402.6323333333335,0.004548515921100996,1779.6333333333334,40.33326556666667,-104.64628117333334,-38.65166666666619
2014-08-06 14:42:00,686.124,2265.644,2472.9403333333335,0.00495983459660983,1711.6,40.355830250000004,-104.63524271666668,207.29633333333368
2014-08-06 14:42:30,742.8816666666665,3148.6046666666666,3449.4326666666657,0.006711415674837153,1658.6,40.37940011999999,-104.62968597666666,300.82799999999907
2014-08-06 14:43:00,2305.5469999999996,8062.5993333333345,6351.115333333334,0.007357525265182473,1573.2,40.403741839999995,-104.62961629666665,-1711.4840000000004
2014-08-06 14:43:30,2460.9776666666667,7001.204,5936.7683333333325,0.0097028941783544,1465.7333333333333,40.42788136000001,-104.63084361000003,-1064.4356666666672
2014-08-06 14:44:00,1749.0759999999998,7751.394333333331,7236.015666666667,0.009371964088350775,1478.5666666666666,40.45206527999999,-104.63253682333334,-515.3786666666638
2014-08-06 14:44:30,1486.7863333333332,6620.596333333333,16575.046333333332,0.007282502230408673,1605.2666666666667,40.472450640000005,-104.64831695000002,9954.449999999999
2014-08-06 14:45:00,660.984,1833.611,1934.478666666667,0.006643724937519696,1720.1666666666667,40.46877047333334,-104.68102925666668,100.86766666666699
2014-08-06 14:45:30,493.27200000000005,1298.1883333333337,1314.6276666666668,0.003629785146020624,1764.3333333333333,40.441581473333336,-104.70125681666667,16.439333333333025
2014-08-06 14:46:00,486.899,1289.5829999999996,1273.1913333333332,0.003742408775812983,1753.8666666666666,40.41246439666668,-104.71864777333333,-16.391666666666424
2014-08-06 14:46:30,503.67299999999994,1343.7329999999997,1316.1019999999996,0.004435972801867908,1793.0333333333333,40.38477694333333,-104.73714548333332,-27.631000000000085
2014-08-06 14:47:00,520.0806666666667,1422.5059999999996,1489.1203333333333,0.0044571511095188475,1744.0666666666666,40.354473883333334,-104.74362614666663,66.61433333333366
2014-08-06 14:47:30,649.5059999999999,2013.0336666666665,4985.528333333334,0.00445511293817349,1758.4,40.32208265,-104.73726857333332,2972.4946666666674
2014-08-06 14:48:00,653.2616666666669,1593.2596666666664,1834.1373333333333,0.0045990759268187634,1767.2333333333333,40.28921216666666,-104.73284123666667,240.87766666666698
2014-08-06 14:48:30,875.5616666666667,3772.7719999999995,4389.996666666667,0.005538718367785232,1803.3333333333333,40.256703439999995,-104.73132400333333,617.2246666666674
2014-08-06 14:49:00,529.7373333333333,1276.8450000000003,1289.044333333333,0.005733585213073144,1861.8666666666666,40.22590687333334,-104.72881241333334,12.199333333332788
2014-08-06 14:49:30,650.5226666666666,1762.853333333333,1660.197333333333,0.007192649126560689,1869.1,40.19550641333334,-104.72585755000001,-102.65599999999995
2014-08-06 14:50:00,838.1493333333333,2044.343333333333,2357.2943333333333,0.006994546341653886,1842.8333333333333,40.16394487000001,-104.72917405333331,312.95100000000025
2014-08-06 14:50:30,731.1956666666666,1655.7506666666668,1830.2993333333332,0.005581753558816344,1860.1333333333334,40.13591486999999,-104.7515691133333,174.54866666666635
2014-08-06 14:51:00,561.1913333333333,1313.365666666667,1407.0493333333332,0.005373913965946728,1861.9333333333334,40.10833955666667,-104.77617695333338,93.68366666666611
2014-08-06 14:51:30,467.0443333333333,1146.9870000000003,1190.233,0.003275748719864714,1842.5666666666666,40.079201129999994,-104.79701869,43.24599999999964
2014-08-06 14:52:00,430.5796666666666,994.6743333333332,1062.7513333333334,0.0033133389505761663,1826.7,40.04996121333333,-104.81733704666667,68.07700000000023
2014-08-06 14:52:30,412.80266666666665,958.4620000000001,1006.6116666666665,0.0035190259060465735,1852.5666666666666,40.022532649999995,-104.83771820333332,48.14966666666635
2014-08-06 14:53:00,432.10033333333325,1254.7106666666664,1375.1189999999997,0.0035828444476979156,1848.2666666666667,39.995650993333335,-104.85704218666667,120.4083333333333
2014-08-06 14:53:30,392.85666666666674,1004.5973333333333,974.9206666666666,0.0032150090632318386,1876.6666666666667,39.96858305666668,-104.87498601333333,-29.67666666666662
2014-08-06 14:54:00,399.56733333333335,1062.6883333333335,1151.676333333333,0.003112617976238372,1893.8,39.94170646333334,-104.89296747333336,88.9879999999996
2014-08-06 14:54:30,414.1436666666668,1878.382,2078.3913333333335,0.0024820965964382426,1895.6666666666667,39.914931866666656,-104.91201326000001,200.00933333333342
2014-08-06 14:55:00,420.9256666666667,2001.0959999999998,3069.9133333333334,0.0025864328680382212,1910.3333333333333,39.88792965666667,-104.93106003333332,1068.8173333333336
2014-08-06 14:55:30,387.5083333333333,1407.1429999999998,2106.8616666666667,0.003286077972701476,1905.1,39.860474653333334,-104.94965768666665,699.7186666666669
2014-08-06 14:56:00,787.1216666666667,6176.311333333333,5155.657666666666,0.004182647584785652,1919.4,39.832645920000004,-104.96825561666667,-1020.653666666667
2014-08-06 14:56:30,3301.0703333333327,10845.405999999999,15444.085,0.010041243511175902,1910.8666666666666,39.80470885333333,-104.98751450333334,4598.679
2014-08-06 14:57:00,2567.0743333333326,9574.157666666666,16869.513666666673,0.009999386034952784,1934.5666666666666,39.77691968333333,-105.00759989666668,7295.356000000007
2014-08-06 14:57:30,2121.022,17331.395333333334,31155.498666666666,0.009826293336066723,1963.4333333333334,39.75918045333333,-105.03787384,13824.103333333333
2014-08-06 14:58:00,2577.1013333333335,22644.328666666665,42835.984000000004,0.009091661045824205,1981.4,39.75742263666667,-105.07676824333333,20191.65533333334
2014-08-06 14:58:30,734.4270000000002,3126.8733333333344,11252.011333333336,0.004384898000437326,2031.5666666666666,39.75394185333334,-105.11555123666668,8125.138000000001
2014-08-06 14:59:00,667.0266666666666,9547.288666666664,16756.864999999994,0.004091696297908435,2035.4,39.74693451666667,-105.15388082333334,7209.576333333331
2014-08-06 14:59:30,693.1916666666668,12818.228333333334,23822.424000000003,0.0021883335783597106,2112.6666666666665,39.74561628,-105.19473113333335,11004.195666666668
2014-08-06 15:00:00,464.6476666666667,7028.979999999998,16715.265,0.0020953941442867787,2271.0666666666666,39.765643059999995,-105.21957956999996,9686.285000000002
2014-08-06 15:00:30,404.2543333333335,1077.2266666666667,1455.303666666667,0.001652770115470393,2393.266666666667,39.789083610000006,-105.19644826333335,378.0770000000002
2014-08-06 15:01:00,326.0516666666667,842.6180000000002,751.0049999999998,0.0018296952098035206,2551.9333333333334,39.78112361333334,-105.16157684000001,-91.6130000000004
2014-08-06 15:01:30,329.78599999999994,1492.0596666666668,1571.0943333333335,0.0030902701729119265,2714.633333333333,39.753206129999995,-105.16349360999999,79.03466666666668
2014-08-06 15:02:00,374.42966666666666,1965.9683333333332,1550.853,0.002956708855676535,2877.366666666667,39.74628117666666,-105.19775060000002,-415.1153333333332
2014-08-06 15:02:30,359.6316666666667,786.6853333333332,738.0000000000001,0.0023242008255697807,3036.6666666666665,39.77112249,-105.21545690333333,-48.68533333333312
2014-08-06 15:03:00,349.8183333333334,759.5633333333334,705.9813333333334,0.0022927173607666853,3205.5,39.791970696666674,-105.18883056666665,-53.581999999999994
2014-08-06 15:03:30,352.66499999999996,749.3606666666667,724.2336666666665,0.002277117260927604,3369.5333333333333,39.77494964333332,-105.15719706333334,-25.12700000000018
2014-08-06 15:04:00,358.569,700.702,735.5369999999999,0.0022204091282398536,3524.0333333333333,39.74784062333333,-105.17108434999997,34.83499999999992
2014-08-06 15:04:30,325.7696666666667,640.409,641.2610000000001,0.0020253368050610894,3682.9333333333334,39.750259656666664,-105.20488078333332,0.8520000000000891
2014-08-06 15:05:00,314.76366666666667,648.2589999999999,611.179,0.001975587701280751,3841.1666666666665,39.77701708,-105.21282655000002,-37.07999999999993
2014-08-06 15:05:30,309.99033333333324,629.8510000000001,619.2146666666665,0.0018062624377712573,4004.9,39.79167900666666,-105.17951940333333,-10.636333333333596
2014-08-06 15:06:00,303.566,616.18,576.8099999999998,0.0017405944046701767,4157.1,39.767167029999996,-105.15600356999998,-39.37000000000012
2014-08-06 15:06:30,285.1693333333333,587.1136666666665,568.8026666666666,0.0014509835058640896,4328.7,39.74476813666666,-105.18168385666668,-18.310999999999922
2014-08-06 15:07:00,273.6036666666667,559.066,540.871,0.0015043958217797748,4487.966666666666,39.758747603333326,-105.21316732,-18.19500000000005
2014-08-06 15:07:30,258.0196666666667,545.4783333333331,513.9723333333334,0.0019612097601553287,4654.4,39.78823637000001,-105.20355834666671,-31.505999999999744
2014-08-06 15:08:00,256.3056666666667,537.6193333333334,500.38966666666676,0.0018315636360847867,4820.0,39.78476460666668,-105.16501719666667,-37.229666666666674
2014-08-06 15:08:30,250.2043333333333,523.4720000000001,515.8673333333332,0.0011603973845320872,4988.766666666666,39.754784650000005,-105.16153691333331,-7.604666666666844
2014-08-06 15:09:00,241.27,507.78666666666663,515.062,0.0011004623800495619,5147.0,39.74604747,-105.1980964633333,7.2753333333333785
2014-08-06 15:09:30,217.52500000000003,463.77299999999997,447.85033333333337,0.0008090151595044284,5292.2,39.77269591999998,-105.21629486333332,-15.9226666666666
2014-08-06 15:10:00,217.9663333333333,453.1776666666666,450.6530000000001,0.0007981350943701677,5442.733333333334,39.790941100000005,-105.18454489333332,-2.524666666666519
2014-08-06 15:10:30,177.47800000000004,412.3706666666667,386.0463333333334,0.0007931430800869252,5561.533333333334,39.768637209999994,-105.15723978666666,-26.3243333333333
2014-08-06 15:11:00,178.04399999999993,486.7103333333333,531.2156666666666,0.0008444221581956385,5569.766666666666,39.74583574333334,-105.18132248,44.50533333333328
2014-08-06 15:11:30,177.65800000000002,410.2416666666666,424.43666666666667,0.0011825892987239427,5580.3,39.76099408000001,-105.21417083666667,14.19500000000005
2014-08-06 15:12:00,199.84233333333333,452.3236666666668,450.8753333333333,0.001090118670103665,5557.266666666666,39.788767879999995,-105.19982401333331,-1.448333333333494
2014-08-06 15:12:30,178.82033333333337,747.8919999999998,804.388,0.00047426016621739814,5550.066666666667,39.81021614666667,-105.16229272333334,56.49600000000021
2014-08-06 15:13:00,158.488,707.494333333333,1016.6249999999997,0.0005085147578348946,5573.5,39.83829268,-105.13226368333333,309.1306666666667
2014-08-06 15:13:30,149.45499999999996,349.2783333333333,366.4939999999999,0.0007371194878327567,5595.166666666667,39.87096507,-105.10974299333336,17.215666666666607
2014-08-06 15:14:00,154.886,360.93399999999997,352.0319999999999,0.0007744192065841002,5585.233333333334,39.90716539333333,-105.09984029666666,-8.902000000000044
2014-08-06 15:14:30,173.1786666666667,415.47233333333327,488.96133333333336,0.0010142634112093104,5577.233333333334,39.94539248333333,-105.10002390666665,73.48900000000009
2014-08-06 15:15:00,167.10399999999998,411.0463333333334,411.5320000000001,0.0010173357865090821,5560.733333333334,39.983725106666675,-105.0926238966667,0.48566666666670244
2014-08-06 15:15:30,162.21266666666665,398.4899999999999,383.38866666666667,0.0010237467134018045,5577.1,40.02086805666667,-105.08016865333336,-15.10133333333323
2014-08-06 15:16:00,156.53666666666666,392.03766666666655,365.7993333333333,0.0009503001845963848,5575.3,40.05692088,-105.06798223333335,-26.23833333333323
2014-08-06 15:16:30,161.82500000000002,390.15133333333324,365.4013333333334,0.00047300037562081197,5582.033333333334,40.081838623333326,-105.04073588333333,-24.74999999999983
2014-08-06 15:17:00,152.3096666666667,397.00600000000003,398.3986666666667,0.0004664772923369437,5568.2,40.06850764,-105.00472258999999,1.3926666666666847
2014-08-06 15:17:30,162.84133333333332,400.24033333333347,402.8763333333333,0.00042634625008491466,5445.233333333334,40.04053027666667,-105.01595305999999,2.6359999999998536
2014-08-06 15:18:00,167.20433333333338,414.85033333333337,424.61566666666664,0.0005230616813561922,5269.033333333334,40.039999269999996,-105.05188014333334,9.765333333333274
2014-08-06 15:18:30,235.04966666666667,499.35233333333326,504.24066666666664,0.0011154225473822073,5123.1,40.06813507666666,-105.06059798999998,4.888333333333378
2014-08-06 15:19:00,253.07133333333334,503.358,518.9906666666667,0.0011293740445957054,4966.266666666666,40.08117726333332,-105.02531103000003,15.632666666666694
2014-08-06 15:19:30,267.0956666666667,547.655,544.3623333333333,0.001127863828384693,4814.766666666666,40.053991309999994,-105.00530928999999,-3.292666666666719
2014-08-06 15:20:00,301.275,593.6083333333335,602.4266666666666,0.0011473706130314288,4643.6,40.03609084666667,-105.03666484333334,8.818333333333157
2014-08-06 15:20:30,301.7433333333334,620.4543333333332,624.0863333333332,0.0011713821717880886,4485.466666666666,40.05632604,-105.06331228000002,3.631999999999948
2014-08-06 15:21:00,345.4366666666666,670.2343333333334,729.0886666666667,0.0013229709563070942,4315.133333333333,40.08226457999999,-105.04036916333332,58.854333333333216
2014-08-06 15:21:30,341.357,680.9626666666666,824.3106666666666,0.0022093363832168165,4175.066666666667,40.06772244666666,-105.00604706666667,143.34800000000007
2014-08-06 15:22:00,388.873,718.2006666666667,799.4766666666668,0.0022114983143365075,4020.3,40.039014056666666,-105.01798121666667,81.27600000000007
2014-08-06 15:22:30,396.795,752.0463333333332,739.0683333333335,0.0020517413013048844,3873.233333333333,40.041555030000005,-105.05455118333334,-12.977999999999724
2014-08-06 15:23:00,397.1926666666667,731.9136666666668,810.098,0.0020713433794065195,3722.866666666667,40.06881294333333,-105.06048838666662,78.18433333333314
2014-08-06 15:23:30,390.39900000000006,732.1296666666668,728.48,0.0020461408916447,3566.266666666667,40.081054303333325,-105.02553329666665,-3.6496666666668034
2014-08-06 15:24:00,399.94,759.915666666667,733.5503333333335,0.0021254938775456715,3427.5,40.05507228333333,-105.00592498666667,-26.365333333333524
2014-08-06 15:24:30,397.556,779.0716666666666,772.4953333333334,0.0025033851065433812,3301.9333333333334,40.03556161999999,-105.03226750333333,-6.576333333333196
2014-08-06 15:25:00,400.118,793.359,788.1303333333334,0.002588171965740653,3149.4,40.050616453333326,-105.06125284666672,-5.228666666666641
2014-08-06 15:25:30,391.7540000000001,827.9989999999998,865.9849999999999,0.0029646964923073526,2992.733333333333,40.077119823333334,-105.05082523666665,37.986000000000104
2014-08-06 15:26:00,395.04133333333345,865.4993333333333,974.4380000000002,0.0029398770606490093,2834.366666666667,40.07534434333333,-105.01397832666667,108.9386666666669
2014-08-06 15:26:30,392.3523333333333,869.8630000000002,961.2566666666665,0.0025486734846587116,2688.3333333333335,40.04645984,-105.00821609333335,91.39366666666638
2014-08-06 15:27:00,367.95200000000006,860.8200000000002,935.2633333333334,0.002601748721345123,2543.9333333333334,40.03762042,-105.04278997666664,74.44333333333327
2014-08-06 15:27:30,374.32033333333334,1022.3019999999999,1182.112666666667,0.0027742271153295556,2403.733333333333,40.0586197,-105.06300125333334,159.8106666666672
2014-08-06 15:28:00,405.4960000000001,962.3443333333332,1050.3923333333335,0.002631949416506569,2296.233333333333,40.07865382666667,-105.03468577333334,88.04800000000023
2014-08-06 15:28:30,420.63000000000005,1101.639,1117.2933333333335,0.0015661557408477033,2202.3333333333335,40.06804314666667,-105.00196024666666,15.654333333333625
2014-08-06 15:29:00,427.7273333333333,1139.4949999999997,1368.8433333333335,0.0016825305686254464,1990.8666666666666,40.04232864,-105.01394957333333,229.3483333333338
2014-08-06 15:29:30,436.9113333333333,1108.5469999999998,1144.22,0.0022812034264729384,1858.2,40.036441040000014,-105.04859847999998,35.67300000000023
2014-08-06 15:30:00,523.4266666666667,1871.1876666666665,1914.3786666666667,0.003980632143715043,1808.6,40.05413908666666,-105.06442718666666,43.19100000000026
2014-08-06 15:30:30,1661.0463333333335,4945.567999999998,4706.781999999998,0.015102930937359267,1650.6,40.07000987333332,-105.04371185000001,-238.78600000000006
2014-08-06 15:31:00,2586.6659999999993,7112.492666666668,7304.773666666667,0.013977236101845923,1678.4333333333334,40.07005399333334,-105.01251932333331,192.28099999999904
2014-08-06 15:31:30,1037.0713333333335,1901.0906666666665,2939.208666666667,0.006705062328959363,1807.4666666666667,40.053944273333336,-104.99159775333332,1038.1180000000004
2014-08-06 15:32:00,605.8833333333332,2094.075333333333,1959.0246666666671,0.006573564842436757,1901.9666666666667,40.02635435,-104.99874649666664,-135.05066666666607
2014-08-06 15:32:30,1416.1286666666667,5164.324666666666,5478.605333333332,0.006088629471941996,1882.2,39.99757830666666,-105.00575815999998,314.28066666666564
2014-08-06 15:33:00,1725.622666666667,5131.082999999999,6698.732333333333,0.005741792959655248,1878.5333333333333,39.96885783,-104.99041544666666,1567.6493333333347
2014-08-06 15:33:30,1032.1736666666666,3993.7190000000005,5822.932666666667,0.003464895207091733,1890.8,39.93844222333334,-104.97844671333333,1829.213666666666
2014-08-06 15:34:00,440.41800000000006,2165.488666666666,1772.079,0.0035411254316714113,1956.2333333333333,39.907972846666674,-104.97294566,-393.4096666666662
2014-08-06 15:34:30,599.4226666666667,3410.6549999999997,6908.898666666667,0.004156652728087356,1963.2333333333333,39.879770793333336,-104.98927688999999,3498.243666666667
2014-08-06 15:35:00,790.0263333333334,5560.826,8390.045333333333,0.00439350413392951,1986.6333333333334,39.85407536666666,-105.01301727666666,2829.2193333333335
2014-08-06 15:35:30,1660.6843333333334,5554.293000000002,8615.564,0.0060031970564263,1974.1333333333334,39.82746289666667,-105.0379999766667,3061.270999999998
2014-08-06 15:36:00,972.9003333333333,9877.272,16439.214,0.006313863247966068,1941.2333333333333,39.79908829000001,-105.06002426333333,6561.941999999999
2014-08-06 15:36:30,2138.476,18956.919999999995,38152.31500000001,0.008200081466233125,1972.4333333333334,39.76938234666666,-105.05793737,19195.395000000015
2014-08-06 15:37:00,2445.609000000001,20568.023666666668,43937.791666666664,0.00863584414640775,1960.8333333333333,39.76145872666667,-105.02585017333335,23369.767999999996
2014-08-06 15:37:30,4138.215333333334,17802.033666666666,42254.64766666667,0.011566147518964365,1944.4333333333334,39.78422838666667,-104.99689331333333,24452.614000000005
2014-08-06 15:38:00,2983.480333333333,14031.814666666665,49366.547000000006,0.010624297422201685,2093.7,39.79073143333333,-104.95898590000002,35334.73233333334
2014-08-06 15:38:30,1548.9379999999999,7557.453666666667,21874.50733333333,0.005948439197059091,2257.766666666667,39.76557973333333,-104.93739929666665,14317.053666666663
2014-08-06 15:39:00,814.4213333333332,3211.3303333333333,4519.243666666666,0.005576252963253281,2414.233333333333,39.7408034,-104.95931777333331,1307.913333333333
2014-08-06 15:39:30,411.3373333333333,1034.9759999999999,1961.7530000000006,0.0036011078578451756,2568.733333333333,39.74624112666667,-104.99542211333336,926.7770000000007
2014-08-06 15:40:00,362.3309999999999,1154.0783333333334,1176.2336666666667,0.0033539737897480357,2728.0,39.77350578666666,-105.00468419,22.155333333333374
2014-08-06 15:40:30,370.52033333333327,978.9803333333332,1190.389,0.0020228338604014805,2883.2,39.791625339999996,-104.97505112333332,211.4086666666667
2014-08-06 15:41:00,362.3753333333333,1098.8983333333333,1178.4523333333334,0.002039742834961348,3038.4333333333334,39.776705420000006,-104.9401845233333,79.55400000000009
2014-08-06 15:41:30,367.6676666666666,777.7616666666668,710.0226666666669,0.00229318636888004,3190.766666666667,39.746558886666676,-104.94776357333333,-67.73899999999992
2014-08-06 15:42:00,354.4166666666666,761.2379999999998,749.8213333333333,0.0022760203032040674,3346.766666666667,39.740961080000005,-104.98387094333336,-11.416666666666515
2014-08-06 15:42:30,356.3490000000001,826.6129999999999,827.8726666666666,0.0023281407677466664,3507.0333333333333,39.763559596666674,-105.00566101333334,1.2596666666667033
2014-08-06 15:43:00,353.1763333333334,1317.294333333333,1364.6060000000002,0.002240438649089588,3666.366666666667,39.78855909,-104.98594944999999,47.31166666666718
2014-08-06 15:43:30,345.6670000000001,739.9260000000002,758.9260000000002,0.0018544522970096932,3826.9666666666667,39.78359845333333,-104.94603626999998,19.0
2014-08-06 15:44:00,350.43033333333335,691.4616666666667,669.5040000000001,0.0018400356120413291,3974.733333333333,39.75162748333334,-104.9422658266667,-21.95766666666657
2014-08-06 15:44:30,323.51033333333334,635.315,620.2966666666667,0.0018882268628380434,4129.533333333334,39.73866361,-104.97661972666666,-15.018333333333317
2014-08-06 15:45:00,310.5906666666666,617.407,576.5366666666666,0.0018907896006949668,4279.5,39.75906524,-105.00656381333329,-40.870333333333406
2014-08-06 15:45:30,300.8786666666667,695.6576666666667,612.6023333333334,0.0020458004612694965,4421.2,39.786718623333336,-104.98846588999999,-83.05533333333335
2014-08-06 15:46:00,293.10666666666674,1153.695,1274.405,0.001954189201609215,4580.166666666667,39.78695970333334,-104.94919077999998,120.71000000000004
2014-08-06 15:46:30,277.51866666666666,558.2863333333333,592.1186666666667,0.0015266135468690147,4749.6,39.75565275666666,-104.94092280333332,33.832333333333395
2014-08-06 15:47:00,260.8016666666667,570.4053333333334,548.9803333333333,0.001472815378815437,4922.966666666666,39.73795140000001,-104.97256979666668,-21.425000000000068
2014-08-06 15:47:30,252.4076666666667,543.9596666666666,952.9076666666664,0.0012630403112135352,5097.7,39.75637486333332,-105.00487442666666,408.94799999999975
2014-08-06 15:48:00,224.6876666666667,535.6676666666666,610.5856666666667,0.001229631037428469,5273.0,39.786172236666665,-104.99336522000002,74.91800000000012
2014-08-06 15:48:30,211.60933333333332,601.1949999999999,504.0103333333333,0.0011316291952984299,5423.2,39.787410613333336,-104.95214843666666,-97.18466666666666
2014-08-06 15:49:00,198.10466666666665,852.3389999999999,1082.7023333333334,0.0011393882125250519,5561.9,39.75756594333334,-104.93842138666669,230.36333333333346
2014-08-06 15:49:30,205.78300000000004,470.6643333333333,494.52033333333344,0.001295252656912199,5531.0,39.732661560000004,-104.96943155666666,23.856000000000165
2014-08-06 15:50:00,199.33933333333334,511.5643333333335,462.9093333333333,0.0011876774332927648,5578.9,39.715895079999996,-105.00896757999999,-48.6550000000002
2014-08-06 15:50:30,223.93833333333333,1352.857,1962.2393333333334,0.0005307328811690559,5528.166666666667,39.693226883333345,-105.04378204666665,609.3823333333335
2014-08-06 15:51:00,217.43200000000007,856.3556666666667,1152.6466666666665,0.0006069365071235746,5473.5,39.6614357,-105.07031606666668,296.2909999999998
2014-08-06 15:51:30,202.03033333333332,617.6970000000002,845.1453333333332,0.0010717318479059972,5586.733333333334,39.62945021666666,-105.09542057666667,227.44833333333293
2014-08-06 15:52:00,182.79866666666666,463.2196666666666,434.2969999999999,0.0010536472548824945,5591.933333333333,39.59845758999999,-105.12160364999998,-28.922666666666714
2014-08-06 15:52:30,188.18533333333332,505.9566666666666,591.867,0.0009429050911482359,5581.266666666666,39.56448580666666,-105.14352035333332,85.91033333333337
2014-08-06 15:53:00,181.54566666666662,418.63233333333324,429.83366666666666,0.0009231726646052357,5591.366666666667,39.527628443333334,-105.15684891000002,11.201333333333423
2014-08-06 15:53:30,169.95433333333332,405.373,381.5640000000001,0.0008025305554945455,5598.966666666666,39.49464950666666,-105.13582001333333,-23.808999999999912
2014-08-06 15:54:00,184.312,410.8986666666668,407.12566666666663,0.0007914637860562734,5595.933333333333,39.497162883333345,-105.09194361666668,-3.773000000000195
2014-08-06 15:54:30,176.02000000000004,493.6020000000001,539.2980000000001,0.0007195594434384914,5579.466666666666,39.53139610333333,-105.07171223666666,45.696000000000026
2014-08-06 15:55:00,197.85499999999996,431.38100000000003,457.8676666666665,0.0008074893560753665,5517.333333333333,39.554229983333336,-105.03914183999997,26.48666666666645
2014-08-06 15:55:30,215.26633333333334,507.0473333333335,514.7733333333333,0.0013659497057611919,5362.6,39.53325487666666,-105.00944824666665,7.725999999999829
2014-08-06 15:56:00,241.47933333333333,503.2689999999999,502.20099999999996,0.0013345545187632558,5200.5,39.508044303333335,-105.03105265333335,-1.0679999999999268
2014-08-06 15:56:30,258.57800000000003,529.58,549.4146666666668,0.0010097785458346763,5040.4,39.520461786666665,-105.06556371,19.83466666666675
2014-08-06 15:57:00,264.9716666666667,651.48,738.0633333333334,0.0010616048946446783,4884.633333333333,39.54882672666667,-105.05439758333335,86.58333333333337
2014-08-06 15:57:30,277.37166666666667,621.6416666666667,777.1586666666666,0.0013202158059596276,4725.166666666667,39.544231673333336,-105.01547445,155.51699999999994
2014-08-06 15:58:00,281.9316666666667,586.0836666666668,688.185,0.0013983994814466647,4569.566666666667,39.51402473333334,-105.01870625666668,102.10133333333317
2014-08-06 15:58:30,292.65066666666655,586.9616666666667,677.5183333333335,0.0018046519648572512,4422.866666666667,39.5123413,-105.05668207000001,90.55666666666684
2014-08-06 15:59:00,309.7676666666666,638.0646666666667,671.085666666667,0.001861940335206736,4279.7,39.54025802333332,-105.06502481999996,33.0210000000003
2014-08-06 15:59:30,350.99033333333335,678.7443333333333,718.6643333333335,0.002100410770358671,4134.066666666667,39.55275942,-105.02981262,39.920000000000186
2014-08-06 16:00:00,349.1596666666667,672.5626666666667,747.7423333333335,0.002211259521760168,3984.133333333333,39.52631709333334,-105.00912781333334,75.17966666666678
2014-08-06 16:00:30,327.419,663.4386666666668,712.957,0.002785945486227461,3830.4,39.50759493333333,-105.03767369,49.5183333333332
2014-08-06 16:01:00,359.9363333333333,746.3013333333334,750.5326666666667,0.0028021040743642783,3683.633333333333,39.52483139666666,-105.0680178333333,4.231333333333282
2014-08-06 16:01:30,400.7293333333334,859.3176666666666,872.3403333333332,0.002715172245440623,3534.766666666667,39.55070304666666,-105.05161539666666,13.022666666666623
2014-08-06 16:02:00,399.40399999999994,847.872,873.3176666666665,0.002836406946623295,3471.0666666666666,39.54675700666667,-105.00992025333332,25.44566666666651
2014-08-06 16:02:30,396.625,893.5803333333336,905.4413333333334,0.0035540272939141096,3336.5,39.518331406666675,-105.01085687999999,11.860999999999876
2014-08-06 16:03:00,358.0540000000001,891.9823333333333,904.4623333333334,0.0035732242321991634,3176.4666666666667,39.509491866666664,-105.04757537333333,12.480000000000132
2014-08-06 16:03:30,379.4163333333333,1188.513,1288.2690000000005,0.003415856573328132,3013.233333333333,39.53325831333333,-105.06886826000003,99.75600000000054
2014-08-06 16:04:00,424.02666666666664,6382.578333333334,9787.676999999998,0.0033132503108389355,2847.2,39.55316670333333,-105.04049784666668,3405.098666666664
2014-08-06 16:04:30,379.91799999999995,3421.947000000001,4152.248333333333,0.002362003101403459,2688.633333333333,39.534910460000006,-105.00934727999999,730.301333333332
2014-08-06 16:05:00,410.9443333333333,6239.510666666666,7993.3803333333335,0.002550791652378655,2527.0,39.51049003333333,-105.02873357666664,1753.8696666666674
2014-08-06 16:05:30,475.9326666666667,5829.336999999999,6740.512333333331,0.00361051808239255,2377.133333333333,39.51878548,-105.06235275333334,911.1753333333327
2014-08-06 16:06:00,583.2303333333334,8846.94933333333,12129.60133333333,0.003675812639154436,2224.733333333333,39.54372253333333,-105.05666427333333,3282.652
2014-08-06 16:06:30,809.8326666666667,4828.169333333334,5988.681333333335,0.0038526798914894347,2091.2,39.545534006666664,-105.02129668333335,1160.5120000000006
2014-08-06 16:07:00,634.9683333333334,3833.0823333333337,4319.4890000000005,0.0038323733392112537,2057.0333333333333,39.52043253333333,-105.01655018999999,486.40666666666675
2014-08-06 16:07:30,502.0536666666668,3186.565,3741.605,0.003632922547977968,2043.4333333333334,39.51516977666667,-105.05007273333335,555.04
2014-08-06 16:08:00,562.493,5934.207333333333,5976.327666666666,0.003499550533612503,2026.0666666666666,39.540325289999984,-105.07336476333333,42.12033333333329
2014-08-06 16:08:30,693.5450000000001,7957.904999999998,9267.045666666665,0.0026045224714779805,2029.4666666666667,39.56818301333333,-105.09194741666666,1309.1406666666671
2014-08-06 16:09:00,903.0136666666668,9579.006333333333,10459.753,0.002927133052708614,2067.766666666667,39.59429054,-105.11116510000002,880.7466666666678
2014-08-06 16:09:30,933.6216666666667,15194.084666666668,14190.075333333334,0.005069213816313046,2089.8333333333335,39.622157920000014,-105.12914606666665,-1004.0093333333334
2014-08-06 16:10:00,856.5363333333335,19706.628333333338,34170.60133333334,0.00503662853041286,2061.3333333333335,39.652450046666665,-105.14603983333333,14463.973000000002
2014-08-06 16:10:30,947.8163333333333,11485.989333333335,14856.024999999998,0.004742863413247977,2121.366666666667,39.68425662333333,-105.15738626999999,3370.035666666663
2014-08-06 16:11:00,606.8270000000001,6386.009999999999,7113.183333333334,0.004626038372761601,2161.0666666666666,39.714121123333335,-105.16679178666665,727.173333333335
2014-08-06 16:11:30,787.3176666666667,7268.085666666667,8388.487,0.003979232464690674,2157.766666666667,39.744080229999994,-105.17821095999997,1120.4013333333323
2014-08-06 16:12:00,935.3186666666666,3883.3860000000004,6594.692333333335,0.0038311288845843936,2162.9666666666667,39.77554626333334,-105.18810220666667,2711.306333333335
2014-08-06 16:12:30,440.16499999999996,1466.9229999999995,1627.161,0.002880608270689504,2190.633333333333,39.80860698,-105.19254582,160.2380000000005
2014-08-06 16:13:00,521.4756666666666,3341.178666666667,3712.9246666666663,0.002974159927013916,2202.366666666667,39.841366453333336,-105.19467848999999,371.7459999999992
2014-08-06 16:13:30,1017.888,4147.795,4897.362000000002,0.0037017334497476346,2213.7,39.87434858666667,-105.19880726666665,749.5670000000018
2014-08-06 16:14:00,411.103,3337.3736666666664,4280.665000000001,0.003643366234741785,2188.0,39.90753338666668,-105.20387013999999,943.2913333333345
2014-08-06 16:14:30,735.8203333333333,17954.604333333333,23018.866666666665,0.003861984694382211,2199.5666666666666,39.94066480000001,-105.20842258999998,5064.262333333332
2014-08-06 16:15:00,777.1436666666666,12581.803666666665,19745.492999999995,0.0037258606969705977,2178.1666666666665,39.973447670000006,-105.21291224666666,7163.68933333333
2014-08-06 16:15:30,527.9259999999999,4721.371,7822.082333333334,0.002818715387098401,2114.366666666667,40.006862516666644,-105.21828842000001,3100.7113333333336
2014-08-06 16:16:00,438.3016666666668,1629.8326666666662,2665.344666666666,0.0029567118466790987,2093.3333333333335,40.040851976666666,-105.22412770999999,1035.5119999999997
2014-08-06 16:16:30,502.38500000000005,1777.3049999999998,2073.411333333333,0.0038520588310708764,1991.2666666666667,40.074833043333335,-105.22957533999998,296.10633333333317
2014-08-06 16:17:00,783.4180000000001,3085.4379999999996,3187.9359999999997,0.004104032733405573,1950.7333333333333,40.10814247,-105.23457387666667,102.49800000000005
2014-08-06 16:17:30,1080.4,3485.2786666666666,4186.818333333334,0.005639231222941862,1964.5666666666666,40.14062194000001,-105.23765589333335,701.539666666667
2014-08-06 16:18:00,816.1123333333333,2408.935333333333,2764.0433333333326,0.005815959906258225,1939.6,40.17313994999999,-105.23061472666669,355.1079999999997
2014-08-06 16:18:30,564.3456666666667,1995.0693333333336,1943.4320000000002,0.0069110506638523275,1909.6333333333334,40.20628826666667,-105.22066345,-51.637333333333345
2014-08-06 16:19:00,971.202,4346.355333333334,4944.472,0.007825100792683304,1919.1,40.23917680333332,-105.21296716666664,598.1166666666659
2014-08-06 16:19:30,1265.2006666666668,4510.602333333333,6849.332333333335,0.013755126154621948,1966.6333333333334,40.27033868999999,-105.20924682999997,2338.7300000000014
2014-08-06 16:20:00,1276.8363333333332,4554.191333333333,7118.15933333333,0.013455731102883525,2020.1666666666667,40.29992587333333,-105.20291519666668,2563.967999999997
2014-08-06 16:20:30,1213.2239999999997,5609.717999999998,8134.214000000001,0.011918870852977695,2014.8666666666666,40.330074830000015,-105.19510701666667,2524.496000000003
2014-08-06 16:21:00,869.7220000000001,3891.354666666667,6056.734666666666,0.011546351602576164,2033.5,40.36197243666667,-105.18840636999997,2165.379999999999
2014-08-06 16:21:30,1091.363,5135.171,8167.752999999999,0.009296116633167711,1987.1,40.39514732333334,-105.18217062000004,3032.5819999999985
2014-08-06 16:22:00,960.9559999999999,2957.683,3820.5900000000006,0.00955950465735178,1967.9666666666667,40.42923456333334,-105.17508620666669,862.9070000000006
2014-08-06 16:22:30,1018.2526666666668,3195.0446666666676,3306.5869999999995,0.010395784240672517,2011.2666666666667,40.46279373333334,-105.16810048333333,111.54233333333195
2014-08-06 16:23:00,1062.0183333333332,3441.6886666666664,3695.3176666666677,0.010637992126784616,2061.0333333333333,40.49473801000001,-105.16140213333333,253.62900000000127
2014-08-06 16:23:30,1541.2279999999996,6298.933333333335,6694.183666666669,0.012715993607467495,1948.5666666666666,40.52519583333333,-105.1501853966667,395.2503333333334
2014-08-06 16:24:00,1984.401,6763.785000000002,7507.478,0.01299026396126735,1793.8666666666666,40.55412101333334,-105.14175110000001,743.6929999999984
2014-08-06 16:24:30,2749.8866666666663,8306.667333333333,11853.572333333335,0.014507399466252069,1682.2333333333333,40.58164100999999,-105.14334285000001,3546.9050000000025
2014-08-06 16:25:00,2100.8199999999997,6255.5566666666655,6402.982333333333,0.01332845024422863,1666.4333333333334,40.60733171333333,-105.14309921999998,147.4256666666679
2014-08-06 16:25:30,1131.6186666666667,2421.556,2749.800333333333,0.005333604290055444,1837.2666666666667,40.62292212666667,-105.12042184999999,328.2443333333331
2014-08-06 16:26:00,459.41566666666665,1001.6129999999999,1036.133,0.0050290687179127365,2003.8333333333333,40.61080818333333,-105.09030685000003,34.520000000000095
2014-08-06 16:26:30,392.667,882.7199999999999,872.9226666666668,0.003475316609335534,2165.7,40.58439292333334,-105.07904206333336,-9.797333333333086
2014-08-06 16:27:00,389.33900000000006,947.444,904.1830000000001,0.0032104889479210833,2341.3333333333335,40.566875839999994,-105.10640793000002,-43.260999999999854
2014-08-06 16:27:30,395.13033333333334,907.1970000000001,915.7173333333334,0.0017866581998441696,2511.7,40.58193333666668,-105.13758444333334,8.52033333333327
2014-08-06 16:28:00,370.32466666666664,813.8726666666665,814.2403333333334,0.0018283831444167594,2662.7,40.608932243333335,-105.1249539666667,0.367666666666878
2014-08-06 16:28:30,363.28366666666665,786.9463333333333,779.6866666666667,0.002310871654386526,2821.9666666666667,40.60647036333332,-105.08692957666668,-7.25966666666659
2014-08-06 16:29:00,364.89199999999994,786.5450000000003,768.2193333333332,0.0020219249002447815,2981.266666666667,40.57752012666666,-105.08274587000001,-18.325666666667075
2014-08-06 16:29:30,363.20133333333337,777.1700000000002,765.3829999999999,0.0009136889409528359,3160.6,40.567760976666655,-105.11488164000004,-11.787000000000262
2014-08-06 16:30:00,357.47133333333335,722.0726666666667,724.0553333333331,0.0009061918552949295,3326.4333333333334,40.58814988999999,-105.13892340000001,1.9826666666664323
2014-08-06 16:30:30,345.2353333333334,729.7826666666666,744.5243333333333,0.0009306476446472905,3471.9,40.61205267333334,-105.11647694666665,14.741666666666674
2014-08-06 16:31:00,340.83433333333335,720.5316666666669,794.4149999999998,0.0010285150325990671,3615.733333333333,40.598904929999996,-105.08018061333334,73.88333333333298
2014-08-06 16:31:30,334.69800000000004,690.1636666666667,725.2960000000002,0.0017224622338356803,3755.5666666666666,40.570499039999994,-105.09086838666667,35.13233333333346
2014-08-06 16:32:00,333.5036666666666,669.0863333333335,674.2533333333337,0.0016813207122235267,3898.0,40.57238680333332,-105.12829615,5.167000000000144
2014-08-06 16:32:30,340.6386666666668,670.4653333333333,686.1316666666667,0.0015377306759132613,4040.133333333333,40.60071881666667,-105.1346644166667,15.666333333333341
2014-08-06 16:33:00,336.89,619.0243333333334,598.7673333333333,0.0014722532517063606,4186.8,40.61284956,-105.09589436333334,-20.257000000000062
2014-08-06 16:33:30,301.2823333333333,571.1516666666668,571.8246666666666,0.001153916007197748,4335.233333333334,40.58493576333335,-105.07866542000001,0.6729999999998881
2014-08-06 16:34:00,259.476,515.7940000000001,489.3213333333335,0.0011279638176951198,4458.533333333334,40.567222983333316,-105.10804544,-26.472666666666612
2014-08-06 16:34:30,239.93166666666667,490.5256666666666,454.3840000000002,0.001034740518937367,4605.633333333333,40.582697169999996,-105.13816401,-36.141666666666424
2014-08-06 16:35:00,221.6513333333333,466.423,415.182,0.0010484131140368158,4757.733333333334,40.610269159999994,-105.12150624333331,-51.240999999999985
2014-08-06 16:35:30,224.01899999999995,460.09666666666675,422.1113333333334,0.001217722104359414,4899.4,40.60219192333333,-105.08231124999999,-37.98533333333336
2014-08-06 16:36:00,219.40666666666667,427.1316666666665,399.74133333333333,0.0011667134136376166,5033.3,40.572400669999986,-105.08819783333334,-27.39033333333316
2014-08-06 16:36:30,163.08633333333339,342.50066666666663,330.5560000000001,0.000915662075844154,5203.6,40.57068952333332,-105.12737375999998,-11.944666666666535
2014-08-06 16:37:00,146.4466666666667,300.903,291.5173333333334,0.0008443102614821395,5370.766666666666,40.59984969666667,-105.13673985000001,-9.385666666666623
2014-08-06 16:37:30,138.801,306.95433333333335,278.377,0.00046744293851352155,5516.233333333334,40.612300363333325,-105.09727046000003,-28.577333333333343
2014-08-06 16:38:00,141.2023333333333,319.66533333333336,315.69466666666665,0.0004801063455193617,5561.933333333333,40.58324202666667,-105.07514063666666,-3.970666666666716
2014-08-06 16:38:30,145.53933333333336,354.7703333333332,369.77966666666657,0.0005794892382753759,5552.5,40.545933399999996,-105.0718528833333,15.009333333333359
2014-08-06 16:39:00,162.71033333333332,369.52266666666674,354.8406666666667,0.0005952475098803874,5568.8,40.51122755333333,-105.05471776,-14.682000000000016
2014-08-06 16:39:30,169.782,378.8043333333332,381.0576666666667,0.0007004032650396259,5564.066666666667,40.48064664333334,-105.02529424666666,2.253333333333501
2014-08-06 16:40:00,167.35266666666664,380.55366666666663,401.1643333333333,0.0006457061971507893,5574.866666666667,40.450844319999995,-104.99451141666667,20.610666666666646
2014-08-06 16:40:30,175.53599999999997,389.53166666666664,436.28866666666664,0.00029699932456442524,5562.866666666667,40.420167536666675,-104.96509806,46.757000000000005
2014-08-06 16:41:00,170.70133333333334,379.2203333333333,446.7313333333333,0.00037013697138574703,5575.6,40.38965211999999,-104.93574650666667,67.51099999999997
2014-08-06 16:41:30,179.91766666666663,411.18899999999996,402.29333333333335,0.0008487875655932495,5576.6,40.35966861000001,-104.90524215666667,-8.895666666666614
2014-08-06 16:42:00,183.02300000000008,391.555,415.17933333333343,0.0008662987645987585,5571.666666666667,40.32994359333333,-104.87448145333333,23.624333333333425
2014-08-06 16:42:30,183.56,402.424,399.0863333333333,0.0009781352072382344,5569.833333333333,40.29975394666667,-104.84385426,-3.337666666666678
2014-08-06 16:43:00,188.278,450.32466666666664,457.59233333333333,0.0009010519837173386,5567.733333333334,40.269302880000005,-104.81358006666666,7.267666666666685
2014-08-06 16:43:30,199.20899999999997,458.77933333333345,570.1626666666668,0.00039947472989756516,5574.766666666666,40.23890699333334,-104.78311410999999,111.38333333333338
2014-08-06 16:44:00,199.98566666666673,419.3356666666667,442.98766666666677,0.0004274883387605305,5565.766666666666,40.208596789999994,-104.75224353999998,23.652000000000044
2014-08-06 16:44:30,184.3526666666667,406.7456666666666,407.08366666666655,0.0006057922878722375,5581.8,40.177213286666664,-104.72512869333335,0.33799999999996544
2014-08-06 16:45:00,195.84566666666666,423.5666666666667,412.64766666666657,0.0006785918050025567,5582.133333333333,40.14811718333333,-104.73574624999999,-10.919000000000153
2014-08-06 16:45:30,215.7870000000001,1613.7139999999997,2237.5183333333334,0.0011612154589825182,5475.7,40.149409609999985,-104.77315572333332,623.8043333333337
2014-08-06 16:46:00,230.63299999999998,516.3106666666666,769.5463333333335,0.0011712409751522554,5318.6,40.17900377333333,-104.77809703000004,253.23566666666682
2014-08-06 16:46:30,241.89066666666662,504.4023333333333,564.7900000000001,0.001139267130805619,5152.766666666666,40.18804169,-104.73992461999998,60.3876666666668
2014-08-06 16:47:00,271.101,559.0360000000001,602.2983333333333,0.001150693751901585,4992.5,40.16106617666666,-104.72333908000002,43.26233333333323
2014-08-06 16:47:30,278.09133333333335,634.778,715.8209999999998,0.001126673810965321,4822.033333333334,40.14456404666667,-104.75628688000002,81.04299999999978
2014-08-06 16:48:00,290.58633333333336,611.4513333333332,630.8343333333333,0.0011217401663716458,4661.766666666666,40.16601447666667,-104.78274281333333,19.383000000000152
2014-08-06 16:48:30,288.13,586.0853333333333,806.402666666667,0.000991793638870101,4501.9,40.190546420000004,-104.75673573666667,220.31733333333364
2014-08-06 16:49:00,262.137,541.8906666666667,554.905,0.0010964113300971042,4354.366666666667,40.173663456666674,-104.72235871000001,13.014333333333298
2014-08-06 16:49:30,296.137,616.099,665.7926666666666,0.0017092860838749866,4206.1,40.147139349999996,-104.74049707333334,49.69366666666656
2014-08-06 16:50:00,315.48566666666665,633.5656666666667,744.9636666666669,0.0018048053499722743,4065.1666666666665,40.153230279999995,-104.7768536866667,111.39800000000014
2014-08-06 16:50:30,320.8646666666667,642.7713333333332,689.6489999999999,0.0023100673877427774,3910.4,40.182409289999995,-104.77535704666667,46.87766666666664
2014-08-06 16:51:00,334.77933333333345,641.8296666666666,721.9756666666667,0.0021616560336007477,3741.9666666666667,40.18626696666667,-104.73585331999999,80.14600000000007
2014-08-06 16:51:30,337.91233333333344,666.4413333333334,748.2633333333334,0.0009870467962983568,3671.3,40.15879885666667,-104.71375631000001,81.822
2014-08-06 16:52:00,345.52366666666677,695.5346666666666,726.8386666666667,0.0010666393367574974,3663.866666666667,40.142675776666664,-104.74516244000002,31.304000000000087
2014-08-06 16:52:30,340.8773333333334,697.0423333333334,710.8096666666668,0.00157867351746507,3666.6,40.15591189,-104.78189850666666,13.76733333333334
2014-08-06 16:53:00,345.04433333333327,694.9086666666666,686.6909999999997,0.00162765976666922,3647.4,40.18518345666667,-104.77172647999997,-8.2176666666669
2014-08-06 16:53:30,344.2653333333334,649.661,608.6203333333334,0.0019218987405601854,3676.9,40.184822203333326,-104.73101704333332,-41.04066666666654
2014-08-06 16:54:00,350.98766666666677,690.2106666666666,686.8160000000001,0.0019061326075742505,3554.9,40.153485236666675,-104.72841541999999,-3.394666666666467
2014-08-06 16:54:30,362.9426666666667,711.8590000000002,758.7483333333334,0.0017033548105425196,3376.5666666666666,40.14633941666668,-104.76532083999999,46.8893333333333
2014-08-06 16:55:00,365.80199999999996,796.582,827.8336666666667,0.0017382724172884869,3214.8333333333335,40.171250013333335,-104.78192241,31.251666666666665
2014-08-06 16:55:30,367.70733333333334,808.0876666666667,898.7256666666667,0.0018314186439022352,3049.6666666666665,40.19082082999999,-104.7523623166667,90.63800000000003
2014-08-06 16:56:00,365.15000000000003,791.9753333333333,850.9296666666668,0.0018755236976658672,2898.733333333333,40.17123476000001,-104.7226236933333,58.954333333333466
2014-08-06 16:56:30,369.81399999999996,887.2896666666667,932.563,0.002034778632549129,2744.633333333333,40.145614116666664,-104.74165395333334,45.27333333333331
2014-08-06 16:57:00,378.9513333333333,1004.1813333333334,1069.1896666666667,0.0023585700487232055,2599.733333333333,40.15302798333333,-104.77754211,65.00833333333321
2014-08-06 16:57:30,631.104,5586.528333333334,6486.459666666666,0.004443546343689393,2441.766666666667,40.181456883333325,-104.77517648666667,899.9313333333321
2014-08-06 16:58:00,849.7126666666667,10666.990666666667,19121.188,0.004673662172569025,2281.0,40.18892911,-104.73985265,8454.197333333332
2014-08-06 16:58:30,716.0916666666668,4573.8183333333345,11376.923666666666,0.006480554393709248,2130.6,40.163906473333334,-104.72306339666666,6803.105333333331
2014-08-06 16:59:00,1164.9866666666667,5574.970666666667,6939.196999999999,0.007177856500130091,1977.7,40.14498545,-104.75057272,1364.2263333333321
2014-08-06 16:59:30,2001.5099999999995,9760.654,7973.5019999999995,0.011270808246719962,1860.2666666666667,40.16037522,-104.78018901333334,-1787.152000000001
2014-08-06 17:00:00,1154.601333333333,9898.092333333334,9206.21,0.011128518955630742,1850.9,40.18746478,-104.76921362000002,-691.8823333333348
2014-08-06 17:00:30,1214.5253333333333,8013.306666666668,17340.13033333333,0.010175061087684937,1832.3333333333333,40.20726662,-104.73752543666667,9326.823666666663
2014-08-06 17:01:00,1247.3163333333334,5386.281,9252.554333333333,0.009523750083020416,1859.2,40.23284594000001,-104.71369324666668,3866.2733333333335
2014-08-06 17:01:30,1140.6843333333334,3362.5586666666663,8160.552333333335,0.005417581392929544,1835.6333333333334,40.26128731333334,-104.69843191000001,4797.993666666669
2014-08-06 17:02:00,865.7520000000001,4810.72,5739.678333333333,0.005633770912245195,1821.5666666666666,40.29019393999999,-104.68603871666664,928.958333333333
2014-08-06 17:02:30,1385.0136666666663,8686.929333333333,14673.765999999998,0.007027713795494915,1775.5,40.315858720000016,-104.66543554333334,5986.836666666664
2014-08-06 17:03:00,1167.5076666666666,12374.831666666667,26072.491666666658,0.007039174636770292,1763.9666666666667,40.34029350666667,-104.6436584533333,13697.65999999999
2014-08-06 17:03:30,1334.354333333333,16828.656333333336,51345.97433333333,0.007090792375080316,1721.4,40.36490478333334,-104.63099111,34517.318
2014-08-06 17:04:00,1451.7246666666663,17052.68833333333,44293.539666666664,0.0068898640793844555,1644.5333333333333,40.39030724666666,-104.6288589466667,27240.851333333332
2014-08-06 17:04:30,1592.5763333333337,21935.22133333334,41427.19466666668,0.005353182038266346,1548.2333333333333,40.41508025666667,-104.63012696000003,19491.97333333334
2014-08-06 17:05:00,1585.7853333333333,24138.52033333333,45386.89866666666,0.005862169646435313,1452.4333333333334,40.43897336,-104.63140513000002,21248.37833333333
2014-08-06 17:05:30,1592.7326666666668,25067.907666666666,73142.56499999999,0.00805200569586262,1542.1,40.462547936666674,-104.63527578333333,48074.65733333332
2014-08-06 17:06:00,1187.543666666667,17452.800333333333,33321.31566666666,0.007833605954957001,1713.4666666666667,40.475336070000004,-104.66002732,15868.51533333333
2014-08-06 17:06:30,969.5086666666666,11267.773333333334,11749.409666666668,0.007077823517517691,1753.9333333333334,40.462284219999994,-104.690522,481.6363333333338
2014-08-06 17:07:00,1972.4673333333335,14066.578666666668,18488.028666666665,0.007523271167102594,1762.5666666666666,40.43453331,-104.70686467666664,4421.449999999997
2014-08-06 17:07:30,1963.6280000000002,10871.489333333333,11146.601666666662,0.009645164815764136,1781.9,40.40523414666666,-104.72383880666666,275.11233333332893
2014-08-06 17:08:00,1575.707666666667,9055.603666666664,11893.596000000001,0.009423976554109337,1787.7333333333333,40.37658183,-104.74112752666669,2837.9923333333372
2014-08-06 17:08:30,1270.8463333333334,4565.876666666665,6414.307000000001,0.00817440800119972,1754.8333333333333,40.34503148333332,-104.74233017666663,1848.4303333333355
2014-08-06 17:09:00,1717.5306666666665,4366.497,5417.626333333332,0.00820068767302125,1749.7666666666667,40.31328048666667,-104.73600744333335,1051.1293333333315
2014-08-06 17:09:30,1550.3363333333336,5349.167333333334,7963.019666666668,0.009009250125648755,1769.9666666666667,40.28147163000001,-104.73248061999999,2613.852333333334
2014-08-06 17:10:00,1258.8113333333329,7323.6753333333345,15615.854000000003,0.00876952305007059,1816.4,40.25069211333333,-104.73093821333332,8292.178666666669
2014-08-06 17:10:30,1249.1339999999998,7885.458666666666,11530.213333333331,0.0075225115955520035,1873.7333333333333,40.220879996666675,-104.72827733666664,3644.754666666665
2014-08-06 17:11:00,990.4996666666669,12814.422666666667,28597.707000000006,0.007010405340131096,1868.1666666666667,40.19126534666667,-104.72563298000001,15783.284333333339
2014-08-06 17:11:30,868.4223333333334,6200.092666666667,10237.940666666665,0.004346094357952515,1860.3,40.161649323333336,-104.73073069,4037.847999999998
2014-08-06 17:12:00,985.7499999999999,4646.38,5354.977666666667,0.00474455957942091,1837.2666666666667,40.135398476666666,-104.75284907666666,708.5976666666666
2014-08-06 17:12:30,1331.928,7627.818333333332,16989.221,0.007265995169601346,1868.2333333333333,40.10903549333332,-104.77524032333332,9361.402666666669
2014-08-06 17:13:00,1420.6853333333338,6665.152666666665,8386.553333333333,0.00793182558029384,1845.6333333333334,40.08111572000001,-104.79522628333334,1721.4006666666683
2014-08-06 17:13:30,1323.5746666666669,10770.133,14350.069,0.011428796632837449,1820.2666666666667,40.0527593,-104.81574630333334,3579.9359999999997
2014-08-06 17:14:00,1504.4266666666667,9963.029999999999,15157.720666666664,0.011007440035819941,1825.9,40.02525406333334,-104.83644358666669,5194.6906666666655
2014-08-06 17:14:30,1570.4029999999993,7419.351666666665,8827.133,0.007542284403832335,1844.5333333333333,39.99802640333334,-104.85586014666667,1407.7813333333352
2014-08-06 17:15:00,1165.7783333333332,4094.478,4481.914,0.007230028565858448,1887.9,39.97150357999999,-104.87320607333332,387.4359999999997
2014-08-06 17:15:30,831.5903333333333,3142.3266666666673,3943.5026666666663,0.005373032777409291,1903.4666666666667,39.94504241333333,-104.89053013666665,801.175999999999
2014-08-06 17:16:00,907.2216666666668,3301.2133333333336,3963.6483333333335,0.0053837997169917965,1882.1666666666667,39.91792741999999,-104.90983606666666,662.435
2014-08-06 17:16:30,1028.7913333333336,5179.8746666666675,7068.219666666666,0.005370891311807726,1912.8333333333333,39.89001897333333,-104.92967402333333,1888.3449999999984
2014-08-06 17:17:00,1244.9873333333335,12085.617666666665,8412.705666666667,0.005267283314271827,1914.0666666666666,39.86121381333333,-104.94903589333329,-3672.9119999999984
2014-08-06 17:17:30,1744.7826666666667,19846.451999999997,13152.36666666667,0.004708732441695115,1909.4333333333334,39.83203671333334,-104.96909714333333,-6694.085333333327
2014-08-06 17:18:00,2970.0816666666665,29934.124666666663,53471.37833333334,0.005657886265999368,1914.7,39.8023037,-104.98967056666667,23537.25366666668
2014-08-06 17:18:30,4584.372999999999,27488.404000000002,69614.04766666667,0.01174647580322302,1942.4,39.77360701333332,-105.01034138666667,42125.64366666666
2014-08-06 17:19:00,3867.4349999999995,18583.773000000005,26721.837333333333,0.011490012297679724,1953.6666666666667,39.75722961333334,-105.04345779666667,8138.064333333328
2014-08-06 17:19:30,3458.7426666666656,22864.696999999996,38508.278666666665,0.009794986432849678,2004.4666666666667,39.75630721999998,-105.08262252666667,15643.581666666669
2014-08-06 17:20:00,2039.0516666666667,21910.115,28295.536333333337,0.009494083994753736,2050.0,39.75280087666667,-105.12169621000002,6385.4213333333355
2014-08-06 17:20:30,1660.7506666666668,26894.686666666672,38655.57433333334,0.0077886071857954575,2032.0,39.745531723333336,-105.16150817999998,11760.887666666666
2014-08-06 17:21:00,1576.593666666667,29153.925666666666,36537.15566666667,0.007289161554816145,2113.5,39.74884884666667,-105.20295309333336,7383.230000000007
2014-08-06 17:21:30,1448.6570000000004,20640.721,35027.44466666666,0.004272697245832121,2260.233333333333,39.77544530000001,-105.21461333666667,14386.723666666661
2014-08-06 17:22:00,952.2746666666667,11948.316,15335.314666666669,0.004304593218958448,2414.6666666666665,39.79038353,-105.18151499000001,3386.998666666668
2014-08-06 17:22:30,1937.4876666666669,23595.859999999997,68182.29966666667,0.0047893764552403755,2562.233333333333,39.769043226666675,-105.15557556,44586.43966666667
2014-08-06 17:23:00,1316.3146666666664,27906.954333333335,70527.007,0.004520465440725027,2719.0333333333333,39.747426223333335,-105.17695185333334,42620.05266666666
2014-08-06 17:23:30,1009.381,23704.322333333337,93918.09133333333,0.0031170361845911784,2897.366666666667,39.75942561,-105.21145655666666,70213.769
2014-08-06 17:24:00,872.3789999999998,21037.336000000003,79834.33800000002,0.0029323259908261776,3050.7,39.786341349999994,-105.20564067333332,58797.002000000015
2014-08-06 17:24:30,896.3553333333334,22565.801666666663,80405.68033333334,0.0019628825437977126,3190.1,39.78714765666666,-105.16819331666663,57839.87866666667
2014-08-06 17:25:00,864.4953333333334,24411.93566666666,35645.19200000001,0.0020966209834412555,3356.4,39.759073513333334,-105.15901006333335,11233.25633333335
2014-08-06 17:25:30,669.8066666666666,15315.45466666667,25268.764000000006,0.00312303166431897,3496.8,39.74546725,-105.19053701333335,9953.309333333336
2014-08-06 17:26:00,548.7530000000002,4126.723666666667,8878.743666666667,0.0029447074360869547,3655.2,39.76640370333333,-105.21562066999998,4752.02
2014-08-06 17:26:30,477.354,3719.9013333333337,4080.0930000000008,0.0020356973529712112,3807.3333333333335,39.79011434000002,-105.19194336,360.19166666666706
2014-08-06 17:27:00,460.6430000000001,3081.7140000000013,4480.280666666667,0.002142873876865408,3978.5333333333333,39.77491099,-105.15799152333332,1398.5666666666652
2014-08-06 17:27:30,426.0793333333334,1584.4816666666663,1437.22,0.0030038243847686614,4132.1,39.748010883333336,-105.17350158,-147.26166666666631
2014-08-06 17:28:00,410.30033333333336,1646.4483333333333,1730.1913333333332,0.0028072080393021924,4276.3,39.75397478333333,-105.20802383666665,83.74299999999994
2014-08-06 17:28:30,406.4616666666667,799.206,1053.0993333333333,0.0017445312909545418,4435.966666666666,39.78202972666667,-105.20913163333333,253.89333333333332
2014-08-06 17:29:00,362.4996666666666,766.4580000000001,775.1493333333333,0.0016858568078332895,4598.833333333333,39.787253443333334,-105.16960830666666,8.691333333333205
2014-08-06 17:29:30,343.30466666666666,632.628,600.2186666666668,0.0015256017250857392,4753.633333333333,39.758167656666664,-105.16017863333335,-32.40933333333328
2014-08-06 17:30:00,328.452,686.5416666666665,681.82,0.0014827308710173375,4925.733333333334,39.74611702666666,-105.19371211,-4.721666666666465
2014-08-06 17:30:30,317.4416666666668,581.1683333333334,573.759,0.001809390692884802,5074.633333333333,39.76901232,-105.21496353666667,-7.409333333333393
2014-08-06 17:31:00,237.73733333333334,643.5729999999999,831.5156666666667,0.0016757879042985841,5251.0,39.79248034666667,-105.18722763333332,187.9426666666668
2014-08-06 17:31:30,223.37533333333334,591.9876666666667,498.7879999999999,0.0009894483158229175,5417.166666666667,39.773142746666664,-105.15415268333332,-93.19966666666676
2014-08-06 17:32:00,169.92666666666665,663.8220000000001,889.4220000000001,0.0009523847646642869,5566.1,39.74668604666666,-105.17653197999998,225.60000000000002
2014-08-06 17:32:30,168.39633333333333,459.14000000000004,469.3103333333334,0.0008067025999310763,5579.833333333333,39.75730043666667,-105.21223195666666,10.17033333333336
2014-08-06 17:33:00,160.88133333333332,469.62700000000007,500.63,0.0008702868616808385,5576.966666666666,39.788471736666665,-105.20224024333334,31.00299999999993
2014-08-06 17:33:30,176.06299999999996,482.7376666666667,520.2846666666667,0.0012833130594369641,5578.933333333333,39.814690670000005,-105.16882374666667,37.54699999999997
2014-08-06 17:34:00,191.4176666666667,490.4603333333333,487.3863333333332,0.001283741367142867,5575.666666666667,39.84745521000001,-105.14661991999999,-3.074000000000126
2014-08-06 17:34:30,189.08133333333333,478.774,524.6370000000001,0.0012854392847633407,5579.366666666667,39.88270937,-105.13179906666666,45.863000000000056
2014-08-06 17:35:00,193.489,468.3393333333333,486.62133333333327,0.0011982026404889685,5579.3,39.918642170000005,-105.11865667000001,18.281999999999982
2014-08-06 17:35:30,200.56600000000006,476.8813333333334,496.98666666666674,0.0006317737753421839,5578.733333333334,39.95477727666666,-105.10439199666665,20.105333333333363
2014-08-06 17:36:00,207.89500000000004,807.0919999999999,1060.8539999999998,0.0006343673849060479,5579.866666666667,39.991380313333345,-105.09019013000001,253.76199999999994
2014-08-06 17:36:30,171.86700000000002,578.4323333333334,635.8806666666666,0.0006510118604013335,5576.666666666667,40.028417713333326,-105.07742054999999,57.44833333333315
2014-08-06 17:37:00,163.71766666666662,552.6353333333334,689.8783333333334,0.0006915583793582703,5585.9,40.06513761333334,-105.06408131333333,137.24300000000005
2014-08-06 17:37:30,195.505,480.0213333333333,530.7463333333333,0.000963781714723212,5547.2,40.08420296333334,-105.02851587666669,50.724999999999966
2014-08-06 17:38:00,200.7333333333333,533.8106666666666,622.2959999999999,0.0010034111059936835,5548.033333333334,40.05984586333334,-105.00378189999999,88.4853333333333
2014-08-06 17:38:30,209.85466666666665,520.3940000000001,634.6343333333333,0.0012722782419575444,5436.7,40.037037149999996,-105.02789280666667,114.24033333333318
2014-08-06 17:39:00,232.623,507.56066666666663,541.875,0.001376162568335563,5288.433333333333,40.04861157666666,-105.06252441666668,34.314333333333366
2014-08-06 17:39:30,270.7263333333333,551.638,568.4776666666666,0.0019567522837555594,5128.633333333333,40.077377320000004,-105.04975357666666,16.839666666666517
2014-08-06 17:40:00,314.0043333333334,593.5813333333334,586.5326666666667,0.002010455443919768,4967.133333333333,40.07441660333334,-105.00928267666664,-7.048666666666691
2014-08-06 17:40:30,341.123,651.5120000000002,651.3033333333333,0.0021836471444895904,4814.566666666667,40.04461898333333,-105.01113535333334,-0.20866666666688616
2014-08-06 17:41:00,364.76933333333335,667.8536666666668,770.8293333333334,0.002074863233551368,4659.733333333334,40.03850136333333,-105.04708456,102.9756666666666
2014-08-06 17:41:30,354.3190000000001,697.928,738.5543333333334,0.0011855692462493575,4493.666666666667,40.06429430666666,-105.06292394666666,40.62633333333338
2014-08-06 17:42:00,352.7316666666666,701.4600000000002,792.0143333333333,0.0013266186051539752,4332.766666666666,40.08123562666666,-105.02965164666665,90.55433333333315
2014-08-06 17:42:30,359.9006666666666,719.2220000000001,768.5649999999998,0.001574612335847816,4172.0,40.05808092333333,-105.00303955333332,49.34299999999973
2014-08-06 17:43:00,384.192,811.598666666667,897.4313333333332,0.0016262983115752259,4007.4666666666667,40.03668187333334,-105.03017018999998,85.83266666666623
2014-08-06 17:43:30,401.1063333333333,818.8399999999999,932.4530000000001,0.0018349632202022017,3849.8333333333335,40.04991200999999,-105.06219787999997,113.61300000000017
2014-08-06 17:44:00,402.1876666666666,796.7576666666666,888.9063333333332,0.0018362989069273126,3684.0,40.077205283333335,-105.05120798333333,92.1486666666666
2014-08-06 17:44:30,394.1046666666668,769.8726666666666,866.9629999999999,0.0016945025616934947,3522.8333333333335,40.075445433333336,-105.01267547666666,97.0903333333332
2014-08-06 17:45:00,405.988,1161.687333333333,869.0596666666668,0.002016818317650768,3356.3,40.04551888,-105.00967304999999,-292.6276666666663
2014-08-06 17:45:30,582.4709999999999,1548.7863333333335,2430.2690000000002,0.003994390987062354,3186.3,40.0379879,-105.0450554,881.4826666666668
2014-08-06 17:46:00,418.641,952.4353333333335,960.2053333333334,0.004146536660154823,3035.0333333333333,40.06115328333335,-105.06254272666665,7.769999999999982
2014-08-06 17:46:30,476.07399999999996,1797.8880000000004,1491.0930000000003,0.004847750180924899,2930.9333333333334,40.08250554666666,-105.03886897,-306.7950000000001
2014-08-06 17:47:00,890.556,2834.775,3859.575666666666,0.004674479846958271,2897.7,40.065165969999995,-105.0070694,1024.800666666666
2014-08-06 17:47:30,601.2773333333334,2765.4376666666662,3008.5389999999998,0.0035344780625651243,2708.733333333333,40.03735275666667,-105.01513620666668,243.1013333333335
2014-08-06 17:48:00,1228.381,4865.703333333336,6417.778333333333,0.0038676680214694615,2503.7,40.04016825666667,-105.0520548533333,1552.074999999997
2014-08-06 17:48:30,1056.5453333333332,5327.637333333333,7266.634333333332,0.005822419493041601,2296.633333333333,40.067551933333334,-105.06329549,1938.9969999999985
2014-08-06 17:49:00,1421.57,5970.7620000000015,8397.478,0.005910431851719503,2100.366666666667,40.08306312666666,-105.03067779333333,2426.7159999999976
2014-08-06 17:49:30,1272.612333333333,5212.3033333333315,7950.909333333333,0.006582483579792115,1953.9,40.06643244333333,-104.99998066333332,2738.6060000000016
2014-08-06 17:50:00,1064.8863333333331,4366.257333333334,6851.094666666667,0.0063867257323953755,1931.7,40.03939883666666,-105.00424296000004,2484.837333333333
2014-08-06 17:50:30,1445.9969999999998,5283.803,6785.461666666666,0.0050100735388232025,1929.8333333333333,40.035103983333336,-105.03667145666667,1501.6586666666662
2014-08-06 17:51:00,1403.6163333333332,5831.843666666667,8346.248333333333,0.0056185129859775505,1830.3,40.048193360000006,-105.0611735,2514.4046666666663
2014-08-06 17:51:30,1479.7653333333328,6449.714666666667,9060.720999999998,0.009406697100882017,1686.6333333333334,40.06739654666667,-105.05083796000002,2611.006333333331
2014-08-06 17:52:00,1461.3646666666666,5825.579666666667,8440.504,0.009120740646520749,1639.1333333333334,40.070975876666665,-105.02187626333333,2614.9243333333334
2014-08-06 17:52:30,1357.9883333333335,5495.964333333333,6510.3853333333345,0.0061250485204124025,1766.2,40.061695866666675,-104.99549102666668,1014.4210000000012
2014-08-06 17:53:00,995.0366666666667,4610.552,7031.093666666666,0.0060532933705125195,1889.4,40.03467878000001,-104.99178797333335,2420.541666666666
2014-08-06 17:53:30,929.6039999999998,4123.979666666665,5445.818333333334,0.004890853240324551,1948.1,40.00522270333333,-104.98793894666669,1321.8386666666684
2014-08-06 17:54:00,1164.3406666666665,4774.797333333333,5702.566000000001,0.005030998652380617,1964.6666666666667,39.97602106666666,-104.97909623,927.7686666666677
2014-08-06 17:54:30,1080.0953333333337,4804.337,5834.037333333333,0.006374425469030309,1919.4333333333334,39.94536718,-104.9712323466667,1029.7003333333323
2014-08-06 17:55:00,1011.4630000000001,6261.094666666666,8298.066666666666,0.0063156819874305515,1947.8666666666666,39.91520818,-104.96428171333338,2036.9719999999998
2014-08-06 17:55:30,1075.7006666666666,9872.526000000002,9830.395,0.006009364803107974,1940.1666666666667,39.888166306666655,-104.97455470333333,-42.13100000000122
2014-08-06 17:56:00,1490.6806666666664,12798.511666666665,19453.66333333333,0.005861749920522008,1978.1666666666667,39.866400013333326,-105.00040130666663,6655.151666666665
2014-08-06 17:56:30,1727.1880000000003,13850.32933333333,17736.164666666664,0.005616603999537405,1996.0333333333333,39.84242885,-105.02453383666668,3885.8353333333343
2014-08-06 17:57:00,2093.1620000000007,15912.48166666667,13045.496666666668,0.006029704411138412,1957.3,39.81545626000001,-105.04695993666668,-2866.9850000000024
2014-08-06 17:57:30,2803.4503333333337,24064.02433333333,23685.67133333334,0.009606727489102353,1946.3,39.786437469999996,-105.06461512333335,-378.3529999999919
2014-08-06 17:58:00,3866.707000000001,33303.98666666667,65599.983,0.009385378939397145,1971.4333333333334,39.76784452,-105.04124170666667,32295.99633333332
2014-08-06 17:58:30,2940.162666666666,29441.793333333342,56825.46066666669,0.007646324607000387,1933.8666666666666,39.77878545666667,-105.00602061333329,27383.667333333346
2014-08-06 17:59:00,2635.8106666666663,15733.080666666669,13537.82566666667,0.007815175736047994,1923.8666666666666,39.79172044666666,-104.96951370333336,-2195.254999999999
2014-08-06 17:59:30,1672.5043333333335,16411.700999999997,8717.982666666667,0.00824018555349763,1931.5,39.77466264666667,-104.93969497333332,-7693.7183333333305
2014-08-06 18:00:00,2647.6023333333337,27292.88033333333,46627.85966666667,0.008265641341974507,1968.0666666666666,39.74631702999999,-104.94819386666667,19334.97933333334
2014-08-06 18:00:30,3151.998333333334,30058.970333333335,56961.09333333333,0.008739921114642524,1933.2333333333333,39.73840396,-104.98413773000001,26902.122999999996
2014-08-06 18:01:00,3911.6469999999995,32425.190000000006,78056.74999999999,0.008648110107570748,1917.0666666666666,39.76003850666667,-105.00549596333333,45631.55999999998
2014-08-06 18:01:30,3157.6820000000002,24984.819333333337,79009.14533333335,0.00771028292733865,1934.6666666666667,39.78589400333333,-104.9943168733333,54024.326000000015
2014-08-06 18:02:00,2216.4653333333335,12435.661999999998,25845.258000000013,0.007883123893273461,1900.7333333333333,39.78834928,-104.95878830333331,13409.596000000014
2014-08-06 18:02:30,1729.665,18344.363666666668,34318.299666666666,0.008217433468862324,1952.3,39.767820113333336,-104.93951848666666,15973.935999999998
2014-08-06 18:03:00,2793.2269999999994,28721.76333333334,39836.804000000004,0.008290012614234319,1975.8333333333333,39.742152153333336,-104.95609512666667,11115.040666666664
2014-08-06 18:03:30,3996.209333333334,31718.374333333337,54160.420000000006,0.008928384169270177,2149.1,39.743222933333335,-104.99372736666666,22442.04566666667
2014-08-06 18:04:00,2904.2443333333335,27736.886,85924.15866666666,0.008524998551333084,2322.1,39.77204869,-105.0045443233333,58187.27266666666
2014-08-06 18:04:30,2810.222333333333,19442.963333333337,70299.642,0.00505426461428134,2485.2,39.79173711,-104.97782923999998,50856.678666666674
2014-08-06 18:05:00,994.5966666666668,7232.045333333333,9202.125666666667,0.00470832612163786,2623.3,39.77961807999999,-104.9422103833333,1970.0803333333342
2014-08-06 18:05:30,1263.0956666666666,16234.462333333333,30842.49733333333,0.002927989377187822,2786.6666666666665,39.74941126666667,-104.94485295666664,14608.034999999996
2014-08-06 18:06:00,2361.587333333334,26634.945666666674,63594.31000000001,0.0031088608343906488,2950.1,39.73992983333333,-104.98031718000001,36959.36433333334
2014-08-06 18:06:30,2740.938666666667,26857.077333333327,62464.58933333334,0.005041122196033984,3119.9333333333334,39.76165580333333,-105.00632222333336,35607.51200000001
2014-08-06 18:07:00,1351.7786666666666,10421.097666666665,22040.714666666674,0.004790323561244167,3287.9,39.78804307333335,-104.99027760666668,11619.61700000001
2014-08-06 18:07:30,494.5986666666667,4668.045666666667,3766.4593333333337,0.0031282879744887375,3433.733333333333,39.78699708666667,-104.95090815333334,-901.5863333333332
2014-08-06 18:08:00,761.0290000000001,12759.480333333337,19885.343333333334,0.0031285688066527663,3588.733333333333,39.75805244666666,-104.94014409666669,7125.862999999998
2014-08-06 18:08:30,828.0163333333333,11440.964666666667,13168.796333333334,0.003462518497114799,3750.366666666667,39.73905640333334,-104.96785099999998,1727.831666666667
2014-08-06 18:09:00,791.9093333333335,3352.213666666665,8171.617,0.003320097843572874,3906.233333333333,39.75096562,-105.00264765666667,4819.4033333333355
2014-08-06 18:09:30,470.06566666666663,2740.8646666666673,3858.190666666667,0.0024277490393149127,4073.6,39.78072166333333,-105.00052668333335,1117.3259999999996
2014-08-06 18:10:00,462.43933333333337,4197.046666666667,5770.210000000001,0.002395146479043984,4241.1,39.78980305999999,-104.96016261333332,1573.1633333333339
2014-08-06 18:10:30,404.3883333333333,1405.8603333333335,1713.2510000000002,0.002380360147080945,4411.933333333333,39.76316960666668,-104.93755646333334,307.3906666666667
2014-08-06 18:11:00,400.53099999999995,789.2153333333333,1303.8760000000002,0.002286946275610632,4575.166666666667,39.74118398333334,-104.96380513333334,514.6606666666669
2014-08-06 18:11:30,317.9966666666666,1651.056333333334,1852.1960000000001,0.0017401486849439461,4737.333333333333,39.74953219333333,-104.99951375333333,201.13966666666624
2014-08-06 18:12:00,276.126,919.6239999999999,1199.8556666666668,0.001670258012342733,4892.333333333333,39.77882843666668,-105.00110269666668,280.2316666666669
2014-08-06 18:12:30,262.727,603.4763333333333,663.5716666666668,0.0012470695783344658,5053.266666666666,39.790704350000006,-104.96244634333333,60.09533333333354
2014-08-06 18:13:00,228.74966666666663,537.0076666666666,581.743,0.001253985134277408,5208.2,39.764875159999995,-104.93763300666667,44.735333333333415
2014-08-06 18:13:30,233.06199999999998,795.0876666666667,1004.6723333333333,0.001465852913070323,5357.033333333334,39.74003677000001,-104.96314672333337,209.58466666666664
2014-08-06 18:14:00,201.5656666666667,547.2586666666666,1037.7203333333332,0.0014189056214965537,5491.633333333333,39.75010453333334,-105.0006607133333,490.4616666666666
2014-08-06 18:14:30,163.70599999999996,481.23433333333315,573.255,0.0011599396401755645,5577.1,39.784070076666666,-104.99880421666667,92.02066666666684
2014-08-06 18:15:00,170.26433333333338,486.4179999999999,604.1823333333333,0.00115427504492711,5582.666666666667,39.78953654,-104.95411199333331,117.76433333333341
2014-08-06 18:15:30,193.686,711.0113333333334,1632.3310000000004,0.0011115781644107168,5585.766666666666,39.76154950666667,-104.93893992333332,921.319666666667
2014-08-06 18:16:00,220.416,763.8296666666663,1172.7013333333332,0.0010862370116120003,5570.533333333334,39.73849488,-104.96964009333334,408.8716666666669
2014-08-06 18:16:30,184.6453333333333,528.3796666666666,512.4813333333334,0.0008410179244694886,5588.6,39.72252401666666,-105.0091819666667,-15.898333333333198
2014-08-06 18:17:00,216.41633333333337,586.761,813.2816666666666,0.0008508742803472744,5580.2,39.697965739999994,-105.04131521333333,226.52066666666667
2014-08-06 18:17:30,207.2923333333333,565.6466666666669,791.7946666666666,0.0009241519959918717,5591.466666666666,39.66679803,-105.06485112666664,226.14799999999968
2014-08-06 18:18:00,108.45266666666664,600.3790000000001,1114.6443333333332,0.0009206174654215013,5578.433333333333,39.633083853333325,-105.08455200333334,514.265333333333
2014-08-06 18:18:30,125.04333333333335,645.1489999999999,749.2479999999999,0.0008923382021902719,5589.5,39.59923604333333,-105.10402475666666,104.09900000000005
2014-08-06 18:19:00,191.80499999999998,608.3883333333332,687.7223333333335,0.0013126557545377518,5583.166666666667,39.56659838,-105.12356033666666,79.33400000000029
2014-08-06 18:19:30,278.2386666666667,1053.869,1188.574,0.005100334714373999,5573.366666666667,39.533829116666666,-105.13812129333331,134.70500000000015
2014-08-06 18:20:00,1353.9416666666664,2206.211333333333,2458.9493333333335,0.004640307284622152,5572.566666666667,39.50986290333334,-105.11291935999998,252.73800000000028
2014-08-06 18:20:30,231.16633333333337,679.522,804.096,0.000468141181814811,5507.166666666667,39.522217049999995,-105.07649384000001,124.57399999999996
2014-08-06 18:21:00,222.53633333333337,667.4623333333333,774.021,0.0005544254625927687,5426.366666666667,39.549293766666665,-105.05222981666665,106.55866666666668
2014-08-06 18:21:30,246.35066666666665,589.4029999999999,624.1023333333335,0.0013821038858207158,5269.9,39.544019070000004,-105.01290003333334,34.699333333333584
2014-08-06 18:22:00,295.94633333333337,853.2583333333334,887.566,0.001305966326428692,5101.1,39.51536293666666,-105.01721496999998,34.30766666666659
2014-08-06 18:22:30,334.23499999999996,906.2963333333333,944.1126666666665,0.0010673308732006039,4937.266666666666,39.51164893999999,-105.05519663666671,37.816333333333205
2014-08-06 18:23:00,360.81233333333336,805.7243333333333,821.1543333333336,0.0012119938379982224,4775.333333333333,39.539042910000006,-105.06838125333333,15.430000000000291
2014-08-06 18:23:30,382.82200000000006,904.5823333333333,966.6873333333334,0.0023895705972823682,4618.733333333334,39.55360069,-105.02974752666668,62.10500000000013
2014-08-06 18:24:00,390.95733333333334,982.5869999999999,959.1016666666668,0.0024338878089088037,4469.933333333333,39.52845116333333,-105.00650964666669,-23.485333333333074
2014-08-06 18:24:30,517.7436666666666,2668.0156666666667,2303.126333333333,0.0025752717540099375,4293.766666666666,39.509043880000014,-105.03506291999997,-364.8893333333335
2014-08-06 18:25:00,953.1926666666666,5993.078333333334,6463.518666666668,0.0026072895424985635,4119.033333333334,39.521873476666656,-105.06676940666667,470.4403333333339
2014-08-06 18:25:30,835.9876666666664,5589.956666666667,9724.195333333335,0.00254883456937499,3955.766666666667,39.54927495666666,-105.05394262333334,4134.238666666668
2014-08-06 18:26:00,902.6003333333337,7648.571,13228.803999999998,0.0024919825504947004,3805.366666666667,39.547853853333336,-105.01594798,5580.232999999998
2014-08-06 18:26:30,1267.7916666666667,10701.690666666667,25779.93566666667,0.0016869170261182736,3660.866666666667,39.517494716666654,-105.01297021333335,15078.245000000004
2014-08-06 18:27:00,1430.783666666667,11890.602333333334,23821.231000000007,0.0018937794185558106,3488.4666666666667,39.50813089666667,-105.04752325,11930.628666666673
2014-08-06 18:27:30,1740.253333333333,12557.238000000003,24335.01099999999,0.003650454401301272,3321.5333333333333,39.530777606666675,-105.06878128000001,11777.772999999988
2014-08-06 18:28:00,1566.0243333333335,11744.329333333335,18926.28933333333,0.003564525828239924,3143.6,39.55220553666667,-105.04422226999999,7181.9599999999955
2014-08-06 18:28:30,1120.136,11117.478000000003,15986.130666666668,0.003127447150208754,2972.1666666666665,39.540176009999996,-105.01126835666668,4868.652666666665
2014-08-06 18:29:00,1319.157666666667,11626.209999999997,13057.749333333337,0.003400062030884228,2807.0333333333333,39.51260718666667,-105.02043304333334,1431.5393333333395
2014-08-06 18:29:30,1707.2250000000006,12188.190333333332,14224.84233333333,0.005522804508660736,2639.6,39.51069920333334,-105.0572812433333,2036.6519999999982
2014-08-06 18:30:00,1763.3156666666666,12173.107666666669,13236.983666666667,0.0054045094357776805,2469.8,39.53756574,-105.06703567000001,1063.8759999999984
2014-08-06 18:30:30,1327.314333333333,11660.759333333332,16637.692666666666,0.0037187740128988606,2300.4666666666667,39.55177053333333,-105.03571701999998,4976.933333333334
2014-08-06 18:31:00,1083.7263333333333,11848.310333333331,18245.523666666664,0.0038010602514876876,2159.4,39.53415209333333,-105.01060867333332,6397.213333333333
2014-08-06 18:31:30,1573.6523333333337,12056.703000000001,13321.891666666668,0.004195577941147944,2080.633333333333,39.5095623,-105.02892609333328,1265.188666666667
2014-08-06 18:32:00,1732.055,12835.598666666665,11038.868,0.004330179946150681,2033.4333333333334,39.518154276666664,-105.06383896333334,-1796.7306666666645
2014-08-06 18:32:30,1807.1773333333333,12324.468,10637.741333333335,0.005428245225193963,1972.1333333333334,39.54876950333333,-105.07084604,-1686.7266666666656
2014-08-06 18:33:00,1767.2376666666669,14552.290000000003,13604.885,0.005405327818184013,2050.1,39.57718416666667,-105.08915253333338,-947.4050000000025
2014-08-06 18:33:30,2107.2110000000002,17681.519666666674,18511.059666666664,0.005503057353430813,2056.8,39.60406634000001,-105.11357446999999,829.53999999999
2014-08-06 18:34:00,2175.157,21050.09866666666,19560.286666666667,0.005744130525031327,2064.7,39.63378563000001,-105.13430327999998,-1489.8119999999944
2014-08-06 18:34:30,2779.568666666666,24221.112000000005,22016.296000000006,0.007934149887499506,2076.6666666666665,39.66464043333334,-105.15137279,-2204.815999999999
2014-08-06 18:35:00,4053.844,23176.020666666664,31716.953666666665,0.008147718753913057,2149.6666666666665,39.695594920000005,-105.16198679666665,8540.933
2014-08-06 18:35:30,4939.159333333332,23238.113333333335,27335.014333333333,0.009492697936604958,2180.0,39.725536093333325,-105.17135595666667,4096.900999999998
2014-08-06 18:36:00,3500.721333333334,19831.83,16395.33133333333,0.009556201428367885,2101.866666666667,39.756287119999996,-105.18072841,-3436.49866666667
2014-08-06 18:36:30,3594.3899999999994,16526.246000000003,20526.515000000003,0.009585938713194382,2066.0333333333333,39.78603692666666,-105.17152888666665,4000.2690000000002
2014-08-06 18:37:00,-2520.3763333333336,3657.2149999999992,8401.247333333335,0.009601347368019802,2046.7666666666667,39.808921816666675,-105.14603958000001,4744.032333333335
2014-08-06 18:37:30,-9999.0,-9999.0,-9999.0,0.009596180530173876,2046.2,39.828616713333325,-105.12326813333334,0.0
2014-08-06 18:38:00,-9999.0,-9999.0,-9999.0,0.009596292636487052,2043.7666666666667,39.84651959666666,-105.10477421666668,0.0
2014-08-06 18:38:30,-9999.0,-9999.0,-9999.0,0.009680364771532956,1934.1,39.86396611333332,-105.08862253999999,0.0
2014-08-06 18:39:00,-9999.0,-9999.0,-9999.0,0.009755620299381844,1835.0,39.88325246,-105.08180619666663,0.0
2014-08-06 18:39:30,-9999.0,-9999.0,-9999.0,0.009827379951874764,1742.8,39.899012760000005,-105.09762445999999,0.0
2014-08-06 18:40:00,-9999.0,-9999.0,-9999.0,0.009838072849022408,1721.4333333333334,39.908649569999994,-105.11577479333332,0.0
2014-08-06 18:40:30,-9999.0,-9999.0,-9999.0,0.009831068488671161,1727.0,39.911407499999996,-105.12100729999999,0.0
